use slms;

insert ignore into school (name, street_name, street_number, postal_code, city, principal_first_name, principal_last_name)
values
    ('National Technical University of Athens', 'Herta Pines', '7259', '31055', 'South San Francisco', 'Bruce', 'Johnson'),
    ('Athens University of Economics and Business', 'Hauck Shoal', '9883', '56876', 'Wolffside', 'Chandler', 'Feeney'),
    ('University of Piraeus', 'Joanne Street', '732', '54272', 'Fort Devante', 'Leanna', 'Konopelski'),
    ('University of West Attica', 'Hagenes Lane', '4639', '97041', 'New Calebchester', 'Alanis', 'McDermott'),
    ('National and Kapodistrian University of Athens', 'Fisher Highway', '82977', '49345', 'Mozellside', 'Bernhard', 'Leffler'),
    ('Aristotle University of Thessaloniki', 'West Parks', '52616', '33447', 'West Nicholaus', 'Horacio', 'Wyman'),
    ('University Of Patras', 'Enoch Club', '72116', '72736', 'Gloverworth', 'Dante', 'Rolfson'),
    ('University of Crete', 'Reuben Courts', '249', '91880', 'Franeytown', 'Ladarius', 'Christiansen');

insert ignore into school_email_address (address, school_name)
values
    ('Kyra85@gmail.com', 'University of Crete'),
    ('Jaiden_Ondricka70@hotmail.com', 'National Technical University of Athens'),
    ('Elian_Farrell99@gmail.com', 'Aristotle University of Thessaloniki'),
    ('Muriel_Grant48@hotmail.com', 'National Technical University of Athens'),
    ('Nettie_Zboncak@hotmail.com', 'National and Kapodistrian University of Athens'),
    ('Florine.Douglas@hotmail.com', 'Aristotle University of Thessaloniki'),
    ('Theresa_Streich74@hotmail.com', 'University of Piraeus'),
    ('Richmond50@hotmail.com', 'Aristotle University of Thessaloniki'),
    ('Tyrique79@hotmail.com', 'University Of Patras'),
    ('Jaleel_Keeling79@hotmail.com', 'National and Kapodistrian University of Athens'),
    ('Andy3@yahoo.com', 'University of Piraeus'),
    ('Blaze_Mertz7@gmail.com', 'National and Kapodistrian University of Athens'),
    ('Helena.Jaskolski@hotmail.com', 'University of Piraeus'),
    ('Elenora64@yahoo.com', 'University Of Patras'),
    ('Raquel.Kiehn@hotmail.com', 'University of West Attica'),
    ('Keven49@gmail.com', 'Athens University of Economics and Business');

insert ignore into school_phone_number (number, school_name)
values
    ('1451205006', 'University of West Attica'),
    ('1741320616', 'Aristotle University of Thessaloniki'),
    ('5631359707', 'Athens University of Economics and Business'),
    ('5073083362', 'Athens University of Economics and Business'),
    ('7874688488', 'University of Crete'),
    ('9867946265', 'University of Crete'),
    ('3577069056', 'University of Piraeus'),
    ('8052583177', 'National Technical University of Athens'),
    ('5596981902', 'University of West Attica'),
    ('3366075431', 'National and Kapodistrian University of Athens'),
    ('3832502410', 'National and Kapodistrian University of Athens'),
    ('1326481265', 'University of Piraeus'),
    ('8583270496', 'Athens University of Economics and Business'),
    ('3955791123', 'Athens University of Economics and Business'),
    ('6330599454', 'Aristotle University of Thessaloniki'),
    ('0304668246', 'National Technical University of Athens');

insert ignore into app_user (username, password, first_name, last_name)
values
    ('admin', 'admin', 'Malachi', 'Pacocha'),
    ('Hillard.Mayer28', 'U2_VC_Uz5YhhMT8', 'Lillian', 'Predovic'),
    ('Douglas97', 'AzFQpZkf1fiiMue', 'Emilie', 'Prohaska'),
    ('Miguel.Hilpert', '5IicAz0tXCf4RSa', 'Khalid', 'Sanford'),
    ('Stephen.Kirlin16', 'Vzpjfou70Ilbw5Y', 'Wallace', 'Franey'),
    ('Nora_Lang', 'dQCO_67OHMoVG5q', 'Lindsey', 'Kunde'),
    ('Demetrius.Spencer', 'S2SoaE1lGzxqSmB', 'Burnice', 'Metz'),
    ('Everardo31', 'fOHXa1dmGgO32kb', 'Margarette', 'Wisozk'),
    ('operator', 'operator', 'Vernon', 'Kris'),
    ('Dariana_Roberts13', 'HCLypKzPi6qF8tT', 'Marilie', 'Weimann'),
    ('Toy_Johnston', 'ccH23EYbpYbFanW', 'Adolf', 'Lowe'),
    ('Arjun.Reichel', 'gsVuXt7dIZLrBVx', 'Reece', 'Okuneva'),
    ('Matilde.Crona', 'PFdwiwO5P0JgkCX', 'Marie', 'O\'Connell'),
    ('Lydia86', 'QLwW_yQg2ETu47i', 'Wanda', 'Nienow'),
    ('teacher', 'teacher', 'Remington', 'Little'),
    ('Karl_Bernhard', 'qwgHmZAPCsKORl6', 'Coty', 'Feest'),
    ('Jaren.Block34', '8PY9s8rzEclg6nx', 'Geovany', 'Walter'),
    ('Reginald.Roberts56', 'Gc2dtXYPYoDYufK', 'Carolina', 'Howell'),
    ('Marlin.Goodwin40', 'dVDNITE2YHcNA8X', 'Sasha', 'Stiedemann'),
    ('Pedro.Stroman', '8KAvdd95xPOoOT2', 'Mervin', 'McCullough'),
    ('Micheal.Stehr11', 'mH1Cv8QQceKVVrE', 'Zechariah', 'Boyer'),
    ('Lilla.Cummerata-Dickinson19', 'bAFH4HYrNImhwEZ', 'Domenico', 'Effertz-Swaniawski'),
    ('Emmanuel38', 'yUoctF3c6Z96Uqs', 'Lacey', 'Kuhlman'),
    ('Jonathan84', 'NhfEYZw_LRdi8i8', 'Griffin', 'Kozey'),
    ('Elenora.Rohan', 'UH43RDFjiXOSaO2', 'London', 'Frami-Blick'),
    ('Ignacio_Frami', 'vMHoN5gec93NDHz', 'Virgie', 'Beatty'),
    ('Carlie92', '4biwpP1OdzrIp0y', 'Corrine', 'Hills'),
    ('Daisy_Keebler', 'wzIfhrifZ4wBFad', 'Margarete', 'Bauch'),
    ('Cindy_Hilpert73', 'Oy7LMaRV95D2pRC', 'Paris', 'Senger'),
    ('student', 'student', 'Cheyenne', 'Haag'),
    ('Noe95', 'EsrluNNGLQR4iL_', 'Lucile', 'Pfeffer'),
    ('Rocio10', '4fIXUW1eMvrvIMj', 'Una', 'Pacocha'),
    ('Zella_Jast31', 'XXZYS8WOKG2h38p', 'Forest', 'Kerluke'),
    ('Jenifer.OConnell21', 'EOcJO0ybFWXPjmo', 'Tyrel', 'Jast'),
    ('Chauncey_Cole44', 's6X0TQA18e982pS', 'Clyde', 'Durgan'),
    ('Dillon.Block99', '1SDtxAB49k2zEGc', 'Viviane', 'Zemlak'),
    ('Reyna_Stroman70', 'f9ZHT31NFrO_Dwh', 'Elda', 'Lebsack'),
    ('Tracey32', 'T7Kx03Q3MiYFy7_', 'Gerson', 'Sanford'),
    ('Victor61', 'Hkk877hTY6e6Z1E', 'Murl', 'Koepp'),
    ('Marquis70', 'vIazPsKYrKdidbe', 'Eve', 'Hermann-Durgan'),
    ('Jevon_Kautzer', 'G6xersh86zD7NMe', 'Bradley', 'Russel'),
    ('Jules_Harris38', 'I8Y1gjaSoVefyfC', 'Wilburn', 'Balistreri'),
    ('Eunice.Schmidt', 'mOCaAxt08ITnxEW', 'Vincent', 'Torphy-Spinka'),
    ('Victoria17', 't3c5LjUvodhnf3P', 'Camille', 'Rath'),
    ('Laurel37', 'lDnpRh6yYP07UqT', 'Boyd', 'Johns'),
    ('Vita_Rippin', 'ZYFN1ml8UhqDGNR', 'Payton', 'Douglas'),
    ('Nicholaus7', 'Rp8BeFEeP9w7fwS', 'Mozelle', 'Jacobson'),
    ('Hildegard.Wolff57', '5NkAXTT4My95WUP', 'Josianne', 'White'),
    ('Kimberly.Torp', 'lwUqMTm58aWBuYg', 'Lilyan', 'MacGyver'),
    ('Salvador47', 'IzisUZaMXxIOGU0', 'Joannie', 'Walter'),
    ('Devin13', 'L_TfjtBXRP5zyH9', 'Marlee', 'Satterfield'),
    ('Jewell_Schulist87', 'BEaxuqtqHnMcAZa', 'Zelda', 'Crooks'),
    ('Garrick_Cummerata', '59inAkKb2QgMRCa', 'Willow', 'Zieme'),
    ('Retha21', 'dTbZC9OtnFBbzjk', 'Alaina', 'Dickinson-Kuphal'),
    ('Lurline30', 'J7j2973J8PN5YHv', 'Kaylie', 'Stehr'),
    ('Khalid92', 'HqCUxvVNTq5_RcO', 'Gladys', 'Stiedemann'),
    ('Arielle.Howe20', 'VVVZ6Nxk_6be_MG', 'Karl', 'Gerlach'),
    ('Westley29', 'uAq1D6gc8GoCCt1', 'Pamela', 'Hoppe'),
    ('Cameron_Lehner31', '9gVoaeZCRoUe5Xa', 'Shaun', 'Harvey'),
    ('Preston_Terry', 'JLz5vEh6i8JzeKd', 'Retha', 'Connelly'),
    ('Efrain.Rempel63', 'WoQzfUPFqi2dCrC', 'Lavon', 'Klein'),
    ('Alena77', 'WJZm_Lf2De444wI', 'Gaston', 'Lowe-Mills'),
    ('Kyla.Hermiston37', 'iFokfg0zQ2bzk7z', 'Alba', 'Bashirian'),
    ('Cristobal.Willms30', '9IgfX8tFums70OJ', 'Jamir', 'Lubowitz'),
    ('Joe29', '92VCDNe2bcrCQS9', 'Stanford', 'Herzog-Lesch'),
    ('Antonietta_Schaden3', 'yzC6Psi6qjGUBCh', 'Chanelle', 'Kshlerin'),
    ('Dillon_DAmore42', 'GDSehFjpBeiaI9X', 'Grayson', 'Hansen'),
    ('Mortimer15', 'I3R1CMNgb5lL79P', 'Twila', 'Schuppe');

insert ignore into user_administrator (username)
values
    ('admin'),
    ('Hillard.Mayer28'),
    ('Douglas97'),
    ('Miguel.Hilpert'),
    ('Stephen.Kirlin16'),
    ('Nora_Lang'),
    ('Demetrius.Spencer'),
    ('Everardo31');

insert ignore into user_operator (username, operating_school_name)
values
    ('operator', 'National Technical University of Athens'),
    ('Dariana_Roberts13', 'University of West Attica'),
    ('Toy_Johnston', 'National and Kapodistrian University of Athens'),
    ('Arjun.Reichel', 'Aristotle University of Thessaloniki'),
    ('Matilde.Crona', 'University Of Patras'),
    ('Lydia86', 'University of Crete');

insert ignore into user_operator_pending_approval (username, operating_school_name, password, first_name, last_name)
values
    ('Stefan_Krajcik', 'Athens University of Economics and Business', 'txEAeiPlFxo12w2', 'Karli', 'Thompson'),
    ('Laurianne.Emmerich', 'University of Piraeus', 'pkO83dJHfSyxWl3', 'Lavada', 'Schuster');

insert ignore into user_teacher (username, belonging_school_name, date_of_birth, deactivated)
values
    ('teacher', 'National Technical University of Athens', '1980-01-01', false),
    ('Karl_Bernhard', 'University of West Attica', '1985-07-26', false),
    ('Jaren.Block34', 'Athens University of Economics and Business', '1983-03-12', false),
    ('Reginald.Roberts56', 'University of West Attica', '1971-07-27', false),
    ('Marlin.Goodwin40', 'University of West Attica', '1979-09-28', false),
    ('Pedro.Stroman', 'National Technical University of Athens', '1966-06-23', false),
    ('Micheal.Stehr11', 'National and Kapodistrian University of Athens', '1991-01-10', false),
    ('Lilla.Cummerata-Dickinson19', 'Aristotle University of Thessaloniki', '1965-08-06', false),
    ('Emmanuel38', 'University Of Patras', '1994-02-08', false),
    ('Jonathan84', 'National and Kapodistrian University of Athens', '1958-02-13', false),
    ('Elenora.Rohan', 'Aristotle University of Thessaloniki', '1960-12-19', false),
    ('Ignacio_Frami', 'University Of Patras', '1960-07-14', true),
    ('Carlie92', 'Athens University of Economics and Business', '1967-08-13', true),
    ('Daisy_Keebler', 'Aristotle University of Thessaloniki', '1991-05-31', false),
    ('Cindy_Hilpert73', 'National Technical University of Athens', '1982-08-17', false);

insert ignore into user_teacher_pending_approval (username, belonging_school_name, date_of_birth, password, first_name, last_name)
values
    ('Joshua86', 'University of Piraeus', '1968-08-15', 'FUidSKzIv__7OS4', 'Larry', 'Cronin'),
    ('Rogelio66', 'Athens University of Economics and Business', '1961-11-16', 'HqI9GJeFoXnMkVU', 'Elwin', 'Stiedemann'),
    ('Alessia.Hackett', 'University of West Attica', '1981-01-14', 'sQyBYpKX2DyCVj7', 'Savannah', 'Gibson'),
    ('Michelle_Hermann-Zulauf', 'University of Piraeus', '1958-05-20', 'lM8mvaQb3wtOtaw', 'Helen', 'Pagac'),
    ('Liana.Gerhold', 'University of Crete', '1981-09-20', 'UIFSngD58VINvYc', 'Florine', 'Mohr'),
    ('Arnold.Blick', 'National and Kapodistrian University of Athens', '1975-04-26', 'BS_S3miEKEfwYxG', 'Kameron', 'Okuneva');

insert ignore into user_student (username, belonging_school_name, date_of_birth, deactivated)
values
    ('student', 'National Technical University of Athens', '2006-01-01', false),
    ('Noe95', 'University of Piraeus', '2004-09-30', false),
    ('Rocio10', 'National Technical University of Athens', '2014-07-06', false),
    ('Zella_Jast31', 'Aristotle University of Thessaloniki', '2009-10-05', false),
    ('Jenifer.OConnell21', 'National Technical University of Athens', '2013-07-10', false),
    ('Chauncey_Cole44', 'University Of Patras', '2006-07-27', false),
    ('Dillon.Block99', 'University of Piraeus', '2013-09-13', false),
    ('Reyna_Stroman70', 'Aristotle University of Thessaloniki', '2007-04-13', false),
    ('Tracey32', 'University of West Attica', '2012-05-20', false),
    ('Victor61', 'University of Crete', '2012-08-24', false),
    ('Marquis70', 'University of Crete', '2009-10-06', false),
    ('Jevon_Kautzer', 'Aristotle University of Thessaloniki', '2010-12-04', false),
    ('Jules_Harris38', 'Aristotle University of Thessaloniki', '2014-08-06', false),
    ('Eunice.Schmidt', 'University of West Attica', '2012-02-29', false),
    ('Victoria17', 'National and Kapodistrian University of Athens', '2004-10-07', false),
    ('Laurel37', 'National Technical University of Athens', '2005-09-18', false),
    ('Vita_Rippin', 'National and Kapodistrian University of Athens', '2011-09-07', true),
    ('Nicholaus7', 'University of West Attica', '2006-07-07', false),
    ('Hildegard.Wolff57', 'National and Kapodistrian University of Athens', '2009-10-31', false),
    ('Kimberly.Torp', 'University Of Patras', '2012-05-01', false),
    ('Salvador47', 'Aristotle University of Thessaloniki', '2009-08-06', false),
    ('Devin13', 'University of Crete', '2012-05-11', false),
    ('Jewell_Schulist87', 'Aristotle University of Thessaloniki', '2009-05-30', false),
    ('Garrick_Cummerata', 'University of Piraeus', '2008-07-14', false),
    ('Retha21', 'University of West Attica', '2010-10-22', false),
    ('Lurline30', 'University of Piraeus', '2007-03-15', false),
    ('Khalid92', 'National Technical University of Athens', '2011-04-30', false),
    ('Arielle.Howe20', 'Aristotle University of Thessaloniki', '2009-11-11', false),
    ('Westley29', 'University of Crete', '2012-05-13', false),
    ('Cameron_Lehner31', 'Aristotle University of Thessaloniki', '2011-09-17', false),
    ('Preston_Terry', 'University Of Patras', '2005-10-21', true),
    ('Efrain.Rempel63', 'University of West Attica', '2008-11-30', false),
    ('Alena77', 'National Technical University of Athens', '2013-01-17', false),
    ('Kyla.Hermiston37', 'National Technical University of Athens', '2005-08-21', false),
    ('Cristobal.Willms30', 'University Of Patras', '2004-09-29', false),
    ('Joe29', 'National Technical University of Athens', '2008-03-18', false),
    ('Antonietta_Schaden3', 'National Technical University of Athens', '2013-08-30', false),
    ('Dillon_DAmore42', 'University of West Attica', '2012-11-29', false),
    ('Mortimer15', 'National and Kapodistrian University of Athens', '2009-08-07', false);

insert ignore into user_student_pending_approval (username, belonging_school_name, date_of_birth, password, first_name, last_name)
values
    ('Betty_Kunde', 'University Of Patras', '2004-08-21', 'AVbP4ThX7p3z0m3', 'Kamron', 'Kautzer-Rempel'),
    ('Abner_Kohler', 'University of West Attica', '2004-10-23', 'CidBr7Hi5gFnzS0', 'Emerson', 'Donnelly'),
    ('Nola.Hermann49', 'Athens University of Economics and Business', '2004-12-04', 'vXniLSYsynmZRKc', 'Name', 'Ryan'),
    ('Hoyt_Huel45', 'University Of Patras', '2006-03-22', '1eNW939cQsGp3g5', 'Camille', 'Heller'),
    ('Khalid36', 'National Technical University of Athens', '2014-03-31', 'z0_70xbXzpxQrS5', 'Alana', 'Runolfsdottir'),
    ('Daisha.Durgan', 'National and Kapodistrian University of Athens', '2007-03-15', '6zKzyAISCOGq1YY', 'Watson', 'Reichel'),
    ('Khalil_Zboncak1', 'Athens University of Economics and Business', '2013-04-21', 'HyCgl4mmnoLzT74', 'Selena', 'Jacobson'),
    ('Serena.Wuckert28', 'University of West Attica', '2012-09-23', 'zNeYrXZdpousyt3', 'Alessandro', 'Satterfield-Okuneva'),
    ('Jaden53', 'Aristotle University of Thessaloniki', '2013-10-09', 'dnI7WiAzOq5JPJI', 'Serenity', 'White'),
    ('Brady_Renner65', 'University Of Patras', '2007-03-23', 'xFEBEDHRS34VkAe', 'Alene', 'Prosacco-Cormier'),
    ('Candido10', 'Aristotle University of Thessaloniki', '2012-06-17', '_NObD70TmVrWEqM', 'Orval', 'Mayert'),
    ('Westley.Morar14', 'Athens University of Economics and Business', '2011-11-24', 'mrBJ_AhrPuzrURm', 'Leone', 'Gottlieb');

insert ignore into book (isbn, title, publisher, page_count, summary, language)
values
    ('6060641681411', 'sit repellat', 'Harlequin', '309', 'Totam exercitationem voluptas delectus neque aliquid voluptas reprehenderit ipsa. Itaque hic minus laudantium ipsum quisquam aut reiciendis facere. Voluptatum adipisci nisi corporis voluptates numquam vero officia.', 'german'),
    ('1023289217588', 'nostrum occaecati amet perspiciatis', 'Penguin Classics', '52', 'Omnis beatae ad quaerat voluptates aut voluptatibus voluptas repellat facilis. Nemo sed deserunt cum nostrum eius aut aperiam voluptates nobis.', 'russian'),
    ('1974233524298', 'incidunt', 'Harlequin', '196', 'Laboriosam et fugit fugiat deserunt unde. Rem non voluptatem ipsa vero soluta praesentium enim. Iste odio est iste impedit illum itaque nemo soluta.', 'greek'),
    ('3049524474031', 'officia', 'Bloomsbury Publishing', '359', 'Aliquid ipsa suscipit repellat nostrum. Consequuntur possimus sit debitis tempora id aliquam fugit odit praesentium. Eaque illum in perferendis amet.', 'german'),
    ('9892487045527', 'voluptas similique voluptas similique', 'Scholastic Corporation', '92', 'Reiciendis necessitatibus repellendus odio ipsum dignissimos mollitia suscipit. Ducimus quo dolores fuga nulla omnis laborum placeat. Perspiciatis quod nihil.', 'japanese'),
    ('1301261172290', 'vel ipsam labore ab', 'Knopf Doubleday Publishing Group', '289', 'A eum neque similique. Dicta deserunt odit saepe accusantium laboriosam. Earum debitis voluptatem.', 'japanese'),
    ('6660788200121', 'dicta', 'Wiley', '60', 'Sint maiores autem hic delectus sed ad officia. Alias laborum nobis magnam mollitia. Labore ratione qui fugit non.', 'english'),
    ('6708196761943', 'fugiat reiciendis in', 'Cambridge University Press', '176', 'Eos autem harum. Accusantium facilis repellendus eveniet. Nemo possimus at ex soluta minus ea.', 'japanese'),
    ('7744552554723', 'earum', 'Knopf Doubleday Publishing Group', '104', 'Numquam deleniti deleniti mollitia fugit totam molestiae earum itaque ullam. Doloremque reiciendis dolores. Ad ea quidem fugit perspiciatis eos deserunt ipsam animi. Rem ad enim.', 'greek'),
    ('6464439881658', 'unde', 'HarperCollins', '490', 'Sapiente molestias eum doloribus soluta. Ab officiis autem sunt harum. Hic praesentium eveniet nisi.', 'greek'),
    ('1110592266106', 'optio repudiandae occaecati', 'University of Chicago Press', '136', 'Quos dicta temporibus reprehenderit. Vitae enim accusamus voluptas nemo. Tempora aliquid hic modi numquam accusamus fugiat odio harum asperiores.', 'greek'),
    ('4449926030403', 'placeat', 'Candlewick Press', '174', 'Quibusdam sed nesciunt incidunt veniam veniam sit est. Iusto expedita dolores dolore occaecati dolorum debitis laboriosam expedita molestiae. Dicta aliquid quidem tenetur doloribus vero. Provident saepe exercitationem mollitia ipsam facere illum corrupti excepturi.', 'english'),
    ('1595967504988', 'vel ipsa nam voluptas', 'Random House', '225', 'Magni in adipisci voluptate cum hic delectus. Sint nemo similique asperiores exercitationem dignissimos architecto. Quae magnam et exercitationem cumque.', 'japanese'),
    ('4191077984697', 'unde alias perspiciatis', 'Penguin Random House', '471', 'Sequi cum occaecati alias qui. Eos quo cupiditate ex corporis dolore facere odit. Laborum labore commodi mollitia. Aut quis provident molestias.', 'greek'),
    ('8063754367414', 'incidunt explicabo consequatur sint', 'University of Chicago Press', '336', 'Quibusdam ut voluptatibus praesentium id eveniet. Magni esse pariatur doloribus recusandae iste. Nemo accusantium quam consequuntur est. Sequi a labore molestias aspernatur error cum sit magnam.', 'french'),
    ('3125788009931', 'temporibus quo', 'Hachette Book Group', '202', 'Recusandae magnam unde nobis dolorum doloremque fuga enim ipsa error. Non repellat praesentium assumenda officiis nemo.', 'japanese'),
    ('5954304208599', 'molestias', 'Princeton University Press', '117', 'Ut fugiat eum mollitia. Voluptate ex quam possimus laborum ipsum ducimus aliquid. Suscipit fugit adipisci nemo excepturi corporis debitis accusamus.', 'french'),
    ('4662490834820', 'excepturi provident', 'Oxford University Press', '518', 'Minima harum rem. Debitis non non molestiae deleniti.', 'japanese'),
    ('3178213422439', 'laboriosam error architecto distinctio cumque', 'MIT Press', '413', 'Perspiciatis laborum nihil. Praesentium iusto esse ullam odio doloribus temporibus quae. Iste quae porro. At adipisci nisi reprehenderit dolores laudantium ipsa itaque cupiditate.', 'greek'),
    ('2305108808553', 'error iure deleniti', 'Candlewick Press', '428', 'Voluptate repellat ut veniam eligendi tempore. Quidem dolorum fugit nostrum commodi velit deserunt ratione.', 'greek'),
    ('0975111691742', 'iste reprehenderit illo mollitia', 'Bloomsbury Publishing', '250', 'Rem alias consequuntur incidunt fugiat corrupti. Nihil nisi suscipit mollitia praesentium aperiam. Error provident dolore ea.', 'english'),
    ('2574071976554', 'consequatur quibusdam eius ipsa', 'W.W. Norton & Company', '30', 'Architecto dolorum iusto. Pariatur repellendus nulla ex aliquam. Impedit illum at officiis aspernatur ea natus voluptate.', 'japanese'),
    ('7978141454397', 'incidunt quia rerum inventore', 'Penguin Random House', '385', 'Recusandae repudiandae maxime aspernatur vero aliquam earum similique. Ullam aspernatur cumque eius magni. Explicabo possimus ea. Consequuntur recusandae voluptas odit illo maiores corrupti.', 'french'),
    ('6090038854482', 'voluptatum', 'Faber & Faber', '330', 'Rem suscipit veniam quis placeat aspernatur a culpa quibusdam vero. Recusandae cum veritatis voluptatibus. Quae cupiditate fugit voluptatem ab.', 'russian'),
    ('5144851946150', 'quam', 'W.W. Norton & Company', '214', 'Aliquid corporis necessitatibus dignissimos incidunt doloremque hic. Iusto odio quae ullam. Placeat quo harum suscipit sequi iusto.', 'english'),
    ('3578181783300', 'tempora est amet quasi omnis', 'University of Chicago Press', '75', 'Illum excepturi fugiat explicabo aut eos dignissimos debitis. Amet asperiores eius asperiores perferendis nemo delectus voluptatibus non beatae.', 'english'),
    ('3934524324208', 'sequi', 'Scholastic Corporation', '419', 'Ex deserunt itaque nisi suscipit fugit. Sequi accusantium quasi. Doloribus voluptatibus commodi consequatur.', 'german'),
    ('1860408007193', 'repellendus cum mollitia ad voluptas', 'Bloomsbury Publishing', '328', 'Officia quisquam hic alias nam. Vel natus alias provident reiciendis quam tempore beatae. Qui vero cumque reprehenderit aliquid. Praesentium harum recusandae explicabo perspiciatis tempora recusandae.', 'russian'),
    ('5106947482236', 'excepturi delectus nulla', 'Little, Brown and Company', '159', 'In fuga assumenda voluptate expedita ad asperiores dolorem consequuntur minima. Earum officiis doloremque vel nihil nostrum delectus soluta ipsa.', 'german'),
    ('5058118336656', 'dignissimos expedita laboriosam explicabo', 'Scholastic Corporation', '234', 'Modi quo aut quos sed. Nulla ullam nisi molestiae quas neque voluptas quod.', 'japanese'),
    ('1243330864984', 'enim hic corporis', 'Wiley', '425', 'Sequi asperiores consequuntur sunt numquam expedita quae rerum. Iste voluptates ipsum quisquam odit corrupti.', 'french'),
    ('9496195853724', 'quos facere architecto commodi nesciunt', 'Knopf Doubleday Publishing Group', '198', 'Magni eum fugiat nostrum natus. Delectus minima laudantium sed error. Doloribus sit architecto. Eum neque ex nihil minima ab laboriosam non qui.', 'japanese'),
    ('1132495789916', 'et magnam at', 'Bloomsbury Publishing', '78', 'Architecto quam corporis ipsum hic. Accusamus iusto soluta esse facere aspernatur minima. Suscipit magnam aperiam accusamus dignissimos earum ipsam neque non.', 'french'),
    ('9579526067160', 'sed odio cum laudantium', 'Macmillan Publishers', '240', 'Commodi molestias nostrum voluptas corporis distinctio dicta molestiae aspernatur vero. Placeat sequi temporibus tempore ipsa laborum. Rem totam repellat ut mollitia eveniet magnam molestias. Aperiam eaque quod alias in.', 'greek'),
    ('0150189364154', 'velit delectus at', 'Little, Brown and Company', '223', 'Exercitationem maiores necessitatibus eum. Quidem architecto nesciunt dolorem necessitatibus in autem vel laudantium. Itaque eligendi fugiat facere reiciendis.', 'greek'),
    ('0223507660470', 'veritatis modi nihil sed', 'Grove Atlantic', '395', 'Harum facere quas vero. Necessitatibus soluta ex quisquam quo earum facere hic tempore hic. Alias quis a repellendus minus numquam.', 'japanese'),
    ('2295959500116', 'dolore quisquam id', 'Hachette Book Group', '120', 'Sapiente doloremque officia quod sequi harum aperiam explicabo suscipit. Dolor facilis delectus iste alias dicta aliquid accusamus iusto minus. Deleniti soluta harum magnam pariatur vitae.', 'russian'),
    ('2745576928872', 'culpa quidem officia enim', 'W.W. Norton & Company', '103', 'Voluptatum recusandae debitis nihil tempore consequatur minus excepturi laudantium. Ipsam laboriosam tempore voluptatum expedita consectetur facere et.', 'greek'),
    ('5159818167511', 'numquam repellat accusantium', 'Elsevier', '342', 'Voluptate vel illum sed recusandae. Adipisci sequi at. Inventore explicabo eum officia voluptatibus recusandae praesentium iste quia quaerat.', 'english'),
    ('1994234127317', 'facilis', 'HarperCollins', '394', 'Dicta ipsam quas in consectetur enim. Autem earum ea nemo. Adipisci veritatis nihil neque. Dolore quos enim accusantium.', 'greek'),
    ('4057018444199', 'iure', 'Abrams Books', '143', 'Earum officiis ex. Eveniet harum veritatis nemo adipisci enim corporis provident.', 'english'),
    ('4239967513632', 'quidem cumque corporis', 'Bloomsbury Publishing', '336', 'Impedit asperiores voluptas amet repudiandae occaecati soluta. Dolores quidem cumque. Iure reprehenderit quos asperiores ea.', 'japanese'),
    ('2355861097947', 'voluptas', 'Hachette Book Group', '233', 'Ducimus amet magni ab quaerat magnam aliquam. Voluptas distinctio non necessitatibus nemo officia eius.', 'english'),
    ('3865150664028', 'occaecati aliquam', 'Knopf Doubleday Publishing Group', '161', 'Non veniam maiores sapiente reiciendis culpa. Id perspiciatis facere iure minima dignissimos consectetur dolore sed totam.', 'french'),
    ('1986593728083', 'ipsam maxime', 'Abrams Books', '361', 'Corporis repellat minus quaerat delectus necessitatibus eligendi est occaecati magnam. Suscipit sit esse doloribus laboriosam doloribus sunt voluptas. Rem libero porro qui. Necessitatibus ut perspiciatis laudantium culpa eius ad quos itaque nemo.', 'russian'),
    ('0118948036792', 'consequatur expedita impedit veritatis illum', 'Macmillan Publishers', '124', 'Neque soluta quaerat commodi nostrum. Sed nemo laboriosam nam ex accusantium expedita minus. Illo reprehenderit aspernatur praesentium iste aliquid. Voluptatem placeat provident illum dolorum amet culpa odit.', 'greek'),
    ('7455434949466', 'sint error ex laudantium', 'Oxford University Press', '453', 'Numquam doloribus sed recusandae voluptatum pariatur quaerat neque. Quis reiciendis eos porro magnam ipsa debitis nobis vero. Temporibus sint explicabo ea aperiam ipsum voluptas.', 'japanese'),
    ('2059020598128', 'sit', 'Random House', '329', 'Laudantium ut porro expedita sunt voluptatibus eligendi. Autem est quidem eveniet delectus voluptate occaecati voluptatem iste. Praesentium quasi eveniet.', 'english'),
    ('7929654996624', 'optio ex', 'Oxford University Press', '124', 'Autem quo ad libero ipsa. Doloribus id fugit. Nemo tempora inventore vitae a nostrum. Quisquam cum repellendus ab commodi libero ratione fuga.', 'greek'),
    ('3049280403205', 'ab aliquam totam delectus dolorum', 'Bloomsbury Academic', '219', 'Eveniet est quas earum delectus consequuntur ab. Eos provident quasi animi perspiciatis veritatis esse voluptas ducimus quo.', 'japanese'),
    ('4232560712401', 'rem repellat provident velit', 'Elsevier', '217', 'Cum nostrum ab quibusdam sint excepturi. Et esse tempora saepe nam ex quo tempora.', 'japanese'),
    ('8143923864548', 'dolores suscipit accusantium', 'W.W. Norton & Company', '57', 'Molestiae vero ad dolorum impedit debitis ea. Reprehenderit beatae ad nemo.', 'russian'),
    ('9735655778972', 'dolores voluptate ad harum', 'Elsevier', '216', 'Quae laborum doloremque. Aliquam cum assumenda inventore molestiae minus pariatur modi odit.', 'japanese'),
    ('1035568454704', 'ipsam omnis', 'Cambridge University Press', '370', 'Enim neque quas maiores beatae. Ipsum perferendis eaque itaque suscipit reiciendis. Quis deserunt sit. Facere dignissimos maxime aliquam porro.', 'german'),
    ('0607767855798', 'cumque nobis', 'Abrams Books', '220', 'Cum veritatis qui illo atque illo corporis ut a harum. Perspiciatis officiis laboriosam minus neque enim tempora dicta. Sequi harum ullam libero fuga dolores incidunt.', 'french'),
    ('7842844479253', 'iusto', 'Vintage Books', '425', 'Ab quisquam dolore architecto illo neque. Veniam soluta adipisci nobis alias suscipit ut.', 'russian'),
    ('0615455261025', 'corporis itaque nostrum', 'Faber & Faber', '448', 'Quos excepturi officiis placeat laboriosam. Nihil doloribus ad ipsa.', 'french'),
    ('6601770458594', 'cumque molestias pariatur', 'Elsevier', '467', 'Expedita ipsa dignissimos ratione ipsam quo nulla necessitatibus harum. Animi reprehenderit velit.', 'french'),
    ('4318107296549', 'eaque', 'Princeton University Press', '362', 'Expedita vero aliquam quisquam nam. Ipsum vel aliquam excepturi aperiam eum aspernatur ipsa culpa.', 'english'),
    ('7785822764057', 'autem inventore', 'Scholastic Corporation', '179', 'Veritatis architecto ducimus. Voluptate similique eius praesentium velit a earum voluptatibus nulla nobis. Harum odio dolorem.', 'english'),
    ('2455289218316', 'repellat voluptatum nihil', 'Random House', '170', 'Consequuntur deserunt aliquid eum. Veniam repellendus occaecati dignissimos adipisci odio. Magnam quis modi recusandae officia autem earum recusandae. Voluptates accusantium similique numquam veniam.', 'french'),
    ('1885708849922', 'sint', 'Little, Brown and Company', '324', 'Fugit sapiente explicabo aut corrupti repellat. Est culpa fugiat porro fugit numquam fugit ducimus similique asperiores.', 'german'),
    ('4901639185169', 'aperiam laborum tenetur vel error', 'Beacon Press', '304', 'Quaerat a sequi perspiciatis fuga quos aut recusandae reprehenderit saepe. Iusto in nihil illo temporibus laborum pariatur. Aperiam laboriosam quos iste alias provident quam. Sequi recusandae corrupti voluptate facilis voluptatibus delectus.', 'german'),
    ('7754122461229', 'atque voluptas', 'Macmillan Publishers', '449', 'Quae inventore praesentium error non et laboriosam. Soluta laudantium soluta ipsum.', 'russian'),
    ('8400187182819', 'dolore quasi nemo debitis quisquam', 'MIT Press', '228', 'Sit occaecati magnam. Eum ab assumenda quisquam doloremque. Dicta atque tempore provident. Fugit nostrum exercitationem.', 'japanese'),
    ('5295441734164', 'nesciunt facilis suscipit officia asperiores', 'Little, Brown and Company', '445', 'Rem perspiciatis eius hic fuga iusto. Exercitationem rem fugiat nulla mollitia. Quo eius alias quisquam eum consequuntur fuga amet.', 'french'),
    ('7130903008485', 'fugiat ipsa illo voluptates', 'Wiley', '438', 'Inventore est quos nesciunt doloremque dolorem consectetur. Ducimus sed eum incidunt. Ipsa quasi ab enim ut exercitationem labore officia. Neque nemo pariatur consequatur occaecati totam ipsum fugiat.', 'english'),
    ('6636535502087', 'eius pariatur labore excepturi', 'Simon & Schuster', '489', 'Neque hic molestiae enim inventore nihil odio nesciunt blanditiis. Numquam alias illo commodi officia minima ullam.', 'german'),
    ('0951886225847', 'laborum aliquam libero reprehenderit iste', 'Scholastic Corporation', '328', 'Ullam voluptatum incidunt minima repellat itaque. Dolorem error ea exercitationem possimus commodi.', 'japanese'),
    ('3165932561200', 'expedita fugit ducimus porro nisi', 'Penguin Classics', '228', 'Minus debitis nemo minus. Quae possimus id vero distinctio placeat. Ipsum consequuntur facere.', 'french'),
    ('5925908479390', 'debitis consequatur', 'Random House', '324', 'Corporis accusantium nisi. Quia error quos nostrum maiores odio dolorum deleniti hic voluptatibus.', 'greek'),
    ('3145348281555', 'in corrupti itaque incidunt', 'Princeton University Press', '361', 'Labore illo dolore id beatae velit provident omnis architecto. Dolore nihil distinctio omnis et hic sunt nemo.', 'greek'),
    ('0351210912665', 'illo in nisi autem', 'Beacon Press', '178', 'Assumenda earum aliquid minus. Dicta in commodi doloribus. Quaerat sit magni eligendi harum dolor molestias assumenda molestiae. Tenetur rem id veniam doloremque.', 'english'),
    ('9772114077409', 'reiciendis vel corrupti sunt', 'Chronicle Books', '430', 'Repudiandae nesciunt ipsam animi dignissimos. Nisi alias adipisci a modi adipisci quis aliquid. Nulla error omnis officiis sed. Molestiae beatae consectetur inventore pariatur magnam explicabo omnis velit.', 'german'),
    ('2797946466204', 'ratione illo unde', 'Harlequin', '87', 'Fugiat fugit necessitatibus reiciendis eos hic fugit odit. Esse a asperiores cupiditate et at temporibus quos. Quas placeat commodi nesciunt dolorum quo iste dolores culpa sed. Sapiente ad velit quis.', 'french'),
    ('6855086706983', 'perspiciatis aut enim eius', 'Little, Brown and Company', '515', 'Ducimus debitis fugit maiores consequatur dolore magnam modi harum. Officiis est doloremque aliquam impedit voluptatibus harum enim deserunt. Aliquid ad voluptatem maiores earum.', 'greek'),
    ('7763464369767', 'sit minima', 'Random House', '53', 'Rerum pariatur qui tempore. Porro ut eveniet exercitationem ad iusto.', 'greek'),
    ('6988976962421', 'in placeat officia fuga et', 'Random House', '426', 'Et reprehenderit labore iure tempore odit vitae quae quo fuga. Omnis odio rerum accusamus eligendi aperiam. Vero sapiente aperiam aut quo. Molestiae animi id beatae eaque exercitationem pariatur blanditiis.', 'russian'),
    ('3499953164668', 'odit animi', 'Cambridge University Press', '312', 'Enim sed exercitationem architecto veniam. Repellat qui animi tenetur harum dolore corporis nulla. Minus labore omnis.', 'russian'),
    ('9163288448782', 'vel fuga aspernatur animi praesentium', 'Bloomsbury Academic', '251', 'Repellendus adipisci alias quia accusantium nobis cupiditate sint. Iusto voluptatibus eum sapiente adipisci quae necessitatibus totam occaecati. Dolor deserunt aperiam voluptatem nulla cum beatae soluta. Corporis repellendus perspiciatis suscipit eaque culpa culpa placeat reiciendis.', 'german'),
    ('8957650504957', 'distinctio cupiditate libero', 'Penguin Random House', '331', 'Cumque pariatur dolorem vel a iste fuga quae fugit eveniet. Cumque ullam quas quas consequatur eum ea excepturi.', 'english'),
    ('0698634932652', 'laboriosam quos voluptate', 'Cambridge University Press', '70', 'Veniam consequatur rem fugit commodi. Dicta architecto illo amet ex nemo voluptatibus natus asperiores aliquam.', 'french'),
    ('3103876025114', 'unde aperiam dolorum', 'Cambridge University Press', '162', 'Quam aliquam eveniet iste animi non dicta. Quisquam dolore perferendis impedit alias laboriosam officia beatae saepe expedita. Id totam mollitia quisquam et.', 'japanese'),
    ('4123838329190', 'earum vero quo', 'Vintage Books', '67', 'Soluta illo eius. Non quibusdam officia asperiores expedita nulla alias. Ratione incidunt earum tempora perferendis sit animi similique nihil.', 'greek'),
    ('9459721671168', 'voluptas ipsa cumque magnam', 'Wiley', '102', 'Soluta in dolore tempora quasi ullam commodi quod. Non quidem ipsa nostrum ipsam cupiditate. Sequi itaque aut nemo placeat.', 'russian'),
    ('5851714537860', 'commodi', 'Oxford University Press', '354', 'Laudantium commodi voluptatem. Excepturi delectus doloremque corrupti quis itaque doloremque nisi. Architecto cumque reiciendis saepe ad culpa culpa ullam nostrum. Molestiae quos minima.', 'russian'),
    ('7773573649293', 'sed velit nemo maxime sint', 'Bloomsbury Publishing', '122', 'Occaecati voluptatibus itaque nam totam corrupti. Sequi amet earum explicabo explicabo impedit libero itaque.', 'english'),
    ('3828193183261', 'est incidunt ipsam pariatur quod', 'Scholastic Corporation', '223', 'Vel quas porro dolorem quia. Nisi corporis tempora laudantium.', 'russian'),
    ('9764123279792', 'numquam', 'Penguin Classics', '289', 'Nihil voluptas adipisci quas delectus autem aliquid dolor. Eveniet ea magnam corrupti eligendi quaerat deserunt minima.', 'french'),
    ('2023738020453', 'ab nihil ipsum vel', 'Candlewick Press', '96', 'Quidem corporis itaque suscipit ratione perferendis. Qui eius et qui natus. Maiores culpa ipsam ducimus aperiam tenetur nam quo aspernatur fugiat. Sunt laboriosam nostrum tempora praesentium nisi ex.', 'russian'),
    ('3786175544300', 'corrupti', 'University of Chicago Press', '502', 'Distinctio sed dolore doloremque sunt vitae recusandae tenetur alias. Veritatis nulla quisquam corporis.', 'greek'),
    ('8000735528110', 'magnam quidem omnis nulla non', 'Abrams Books', '496', 'Alias consequatur voluptatum nulla sunt dignissimos itaque ex. Unde voluptatum ad. Quisquam architecto in dignissimos perspiciatis impedit. Vitae voluptates esse doloremque.', 'russian'),
    ('2559741752740', 'blanditiis praesentium eaque rerum', 'Simon & Schuster', '95', 'Sequi cupiditate eveniet hic voluptatibus est. Amet fugiat officia eius quasi ea velit commodi.', 'russian'),
    ('4820249400983', 'itaque', 'Chronicle Books', '135', 'Ad numquam consequuntur asperiores. Ex veniam expedita. Molestiae repellat laudantium nesciunt distinctio.', 'english'),
    ('1369937849557', 'iste quia similique doloribus', 'Vintage Books', '485', 'Rerum mollitia ipsa adipisci quaerat natus architecto. Sunt tenetur deserunt excepturi unde repellat qui nihil occaecati dolorum. Voluptatem sunt nesciunt fugit.', 'greek'),
    ('7694061207258', 'laboriosam voluptates pariatur consequatur provident', 'Penguin Books', '311', 'Sunt aliquam eaque. Eaque laborum atque modi.', 'german'),
    ('9094151848678', 'eaque', 'MIT Press', '101', 'Repellat vero placeat dolor quia adipisci molestias repellendus in atque. Perspiciatis perferendis nulla perspiciatis enim consectetur numquam. Ducimus blanditiis illo non ipsum voluptatibus eum aliquam cumque. Iste cupiditate facilis odio enim.', 'greek'),
    ('8176321427897', 'omnis earum corporis vero incidunt', 'Hachette Book Group', '114', 'Quaerat facere dolor non atque facilis eos occaecati error eos. Ea architecto officia doloribus doloribus. Veritatis quaerat odit cum nemo culpa hic. Inventore tempora nostrum iure reprehenderit molestiae expedita doloremque corporis.', 'greek'),
    ('4452041391417', 'voluptas reprehenderit minima temporibus', 'Penguin Books', '511', 'Quasi provident dolorem rem. Commodi cumque nobis cum a assumenda.', 'japanese'),
    ('1639230900782', 'ducimus', 'Grove Atlantic', '293', 'Laboriosam deleniti quisquam illum eius assumenda et minima quo aut. Ex rem asperiores repellat mollitia voluptatibus unde consectetur repellendus ipsum. Consequatur maxime ex libero quibusdam dolores ea.', 'german'),
    ('2786643184976', 'totam', 'Cambridge University Press', '150', 'Aliquam vel repellat deserunt illo vitae voluptas perferendis laborum. Quasi quos vero ad molestiae nobis architecto quas quae odit. Enim fuga ad.', 'japanese'),
    ('7173641981214', 'ex laboriosam dicta nihil ut', 'University of California Press', '508', 'Animi voluptatem error porro hic consequuntur tempora earum vero occaecati. Nesciunt nobis voluptates error placeat.', 'english'),
    ('3618190282844', 'quidem repudiandae culpa aliquam', 'Faber & Faber', '407', 'Quam fugit dicta ducimus beatae fugit. Vitae asperiores libero dignissimos consequuntur modi eius vel. Veniam sed dolor ad labore perspiciatis illo error assumenda similique.', 'japanese'),
    ('6183570198342', 'porro tempore explicabo tenetur', 'Knopf Doubleday Publishing Group', '503', 'Esse pariatur nostrum in iste architecto omnis. Tempore ut non vitae ratione animi odio fugiat vero. Magnam natus itaque beatae reiciendis aut. Hic repudiandae rerum.', 'japanese'),
    ('2743865119315', 'molestiae', 'Chronicle Books', '79', 'Eum excepturi quaerat. Tenetur ratione facilis tempora veritatis. Molestias quasi aspernatur nihil repellat.', 'greek'),
    ('5631391566212', 'amet et fugit ex expedita', 'Random House', '234', 'Repudiandae explicabo quae. Nobis earum non accusamus nesciunt animi ad accusamus culpa. Illum hic saepe minus. Reiciendis omnis soluta saepe rerum alias facilis quaerat.', 'french'),
    ('1778105262060', 'veniam reiciendis est quisquam impedit', 'University of Chicago Press', '150', 'Voluptates modi ut sequi labore. Rem dignissimos autem. Labore harum vero eum cumque quo veniam laudantium et quis.', 'russian'),
    ('0409308353857', 'sit labore cupiditate', 'Penguin Books', '215', 'Culpa reiciendis laboriosam tempore necessitatibus. Esse doloribus maiores ab. Voluptate nesciunt sint commodi reiciendis odio natus corrupti.', 'russian'),
    ('5977507742366', 'corrupti perspiciatis aliquam quaerat', 'Penguin Random House', '28', 'Deserunt eligendi quibusdam accusamus. Laborum ipsum sequi iusto eius earum quos voluptate illo.', 'german'),
    ('5063755930743', 'molestias omnis eligendi eos hic', 'Vintage Books', '74', 'Reiciendis quia ratione quia voluptatum iusto. Cumque vero dolorem nisi consectetur asperiores saepe aspernatur quas atque. Consequatur eveniet nihil commodi sequi tempore.', 'russian'),
    ('6856160089488', 'voluptates ex odit earum non', 'Random House', '75', 'Incidunt repellat maiores iusto quisquam quod. Quos eos omnis. Ea quisquam illum deserunt qui. Temporibus at odio facere dolorem.', 'japanese'),
    ('6570145339310', 'eveniet perferendis rerum exercitationem optio', 'Penguin Random House', '369', 'At placeat tempore in voluptas. Optio sequi quo est amet aut. Architecto fugiat voluptatem in tempora fugit veritatis. Ut laboriosam optio et.', 'french'),
    ('4946078861310', 'corrupti iste repudiandae molestias ab', 'Wiley', '32', 'Delectus rem iure porro. Consequuntur officia impedit exercitationem iusto animi voluptate. Architecto beatae sed porro eum aperiam.', 'english'),
    ('7209530315694', 'eaque sed porro repudiandae asperiores', 'Simon & Schuster', '251', 'Assumenda autem qui eius. Quaerat modi earum inventore odit similique sed.', 'greek'),
    ('9253229600691', 'ut iste', 'Bloomsbury Publishing', '322', 'Consectetur commodi fuga voluptate blanditiis totam fugiat sit sapiente. Inventore reprehenderit quia quos commodi iusto maxime a ab. Ipsam itaque quo quo commodi suscipit.', 'french'),
    ('5240621129375', 'optio voluptatibus temporibus eos', 'Elsevier', '335', 'Corrupti suscipit suscipit. Itaque et rem aspernatur veritatis repellendus ab. Recusandae deleniti qui iure nemo eligendi ipsam voluptates. Voluptatem ad iusto occaecati cupiditate.', 'german'),
    ('6957094576650', 'vel ipsa nesciunt', 'Random House', '273', 'Cum molestias commodi eaque. Eos ut nulla nihil aperiam incidunt atque beatae.', 'greek'),
    ('1374845594979', 'provident assumenda doloremque sunt suscipit', 'Bloomsbury Academic', '76', 'Praesentium perspiciatis illo. Porro voluptatem blanditiis quae tempore.', 'english'),
    ('6840630237606', 'magni sit maiores fuga vitae', 'Wiley', '382', 'Pariatur ea ex eum accusamus corporis molestiae. Inventore nostrum tempore possimus repellat dolor expedita iure necessitatibus sed. Quasi similique voluptates. Iusto aliquid a dolorem facilis nulla ipsam debitis quod.', 'greek'),
    ('6200396333924', 'libero laudantium culpa', 'Simon & Schuster', '258', 'Similique vitae tenetur hic. Porro voluptatem occaecati labore veritatis earum at voluptas.', 'greek');

insert ignore into book_author (id, first_name, last_name)
values
    ('1', 'Jaleel', 'Kautzer'),
    ('2', 'Amaya', 'Cummings'),
    ('3', 'Novella', 'Marvin'),
    ('4', 'Albertha', 'Bergnaum'),
    ('5', 'Evans', 'Corkery'),
    ('6', 'Rose', 'Bogisich'),
    ('7', 'Samara', 'Block'),
    ('8', 'Kolby', 'Shanahan'),
    ('9', 'Ransom', 'Wyman'),
    ('10', 'Fanny', 'Gulgowski'),
    ('11', 'Jessy', 'Larson'),
    ('12', 'Juanita', 'Parisian-Fahey'),
    ('13', 'Amos', 'Price-Rodriguez'),
    ('14', 'Mittie', 'Cremin'),
    ('15', 'Mckayla', 'Williamson'),
    ('16', 'Abdullah', 'Thiel'),
    ('17', 'Talon', 'Schimmel'),
    ('18', 'Alba', 'Dicki'),
    ('19', 'Louvenia', 'Robel'),
    ('20', 'Jamal', 'Walter-O\'Keefe'),
    ('21', 'Maud', 'Kreiger'),
    ('22', 'Vern', 'Heller'),
    ('23', 'Robin', 'Denesik'),
    ('24', 'Delilah', 'Heller'),
    ('25', 'Selena', 'Crist'),
    ('26', 'Crystal', 'Bahringer'),
    ('27', 'Athena', 'Treutel'),
    ('28', 'Brendan', 'McClure'),
    ('29', 'Vergie', 'Franey'),
    ('30', 'Jakob', 'Douglas'),
    ('31', 'Luna', 'Schaden'),
    ('32', 'Terrell', 'Raynor'),
    ('33', 'Sigurd', 'Franey'),
    ('34', 'Tommie', 'O\'Keefe'),
    ('35', 'Rubie', 'Nitzsche'),
    ('36', 'Carlotta', 'Hamill-Funk'),
    ('37', 'Orie', 'Osinski'),
    ('38', 'Julian', 'Herzog'),
    ('39', 'Nolan', 'Boyer'),
    ('40', 'Kamren', 'Schaden-Heaney'),
    ('41', 'Luisa', 'Cole'),
    ('42', 'Deven', 'Roberts'),
    ('43', 'Hazle', 'Jaskolski'),
    ('44', 'Brennon', 'Moen'),
    ('45', 'Brenda', 'Mosciski'),
    ('46', 'Houston', 'Kessler'),
    ('47', 'Cindy', 'Gislason-Halvorson'),
    ('48', 'Annabelle', 'Christiansen'),
    ('49', 'Omari', 'Hessel'),
    ('50', 'Megane', 'Jones'),
    ('51', 'Columbus', 'Runolfsson'),
    ('52', 'Edgar', 'Smith'),
    ('53', 'Sydnee', 'Haag'),
    ('54', 'Elwyn', 'Nienow'),
    ('55', 'Stanley', 'Moen'),
    ('56', 'Mose', 'Lebsack'),
    ('57', 'Kyler', 'Stark'),
    ('58', 'Jazlyn', 'Oberbrunner'),
    ('59', 'Delphine', 'Collier'),
    ('60', 'Clarabelle', 'Muller'),
    ('61', 'Marina', 'Nienow'),
    ('62', 'Mallory', 'Vandervort'),
    ('63', 'Maverick', 'Conn'),
    ('64', 'Dale', 'Hahn'),
    ('65', 'Jeff', 'Weimann'),
    ('66', 'Libby', 'Weimann'),
    ('67', 'Verna', 'Waelchi'),
    ('68', 'Martina', 'Kilback'),
    ('69', 'Dakota', 'Rempel'),
    ('70', 'Justice', 'Lubowitz'),
    ('71', 'Aiyana', 'Kassulke'),
    ('72', 'Audie', 'Morar'),
    ('73', 'Donavon', 'Tillman'),
    ('74', 'Jayde', 'Frami'),
    ('75', 'Fidel', 'Fisher'),
    ('76', 'Paolo', 'Becker'),
    ('77', 'Annamae', 'Trantow'),
    ('78', 'Ana', 'Wiza'),
    ('79', 'Hattie', 'Cummings'),
    ('80', 'Angelina', 'Beier');

insert ignore into book_category (name)
values
    ('fiction'),
    ('nonfiction'),
    ('mystery'),
    ('thriller'),
    ('romance'),
    ('fantasy'),
    ('science fiction'),
    ('horror'),
    ('historical fiction'),
    ('biography'),
    ('autobiography'),
    ('travel'),
    ('cookbooks'),
    ('poetry'),
    ('drama'),
    ('comedy'),
    ('history'),
    ('science'),
    ('philosophy'),
    ('religion'),
    ('art'),
    ('music'),
    ('business'),
    ('finance'),
    ('technology'),
    ('psychology'),
    ('education'),
    ('sports'),
    ('children'),
    ('young adult');

insert ignore into book_keyword (name)
values
    ('chosen one'),
    ('love triangle'),
    ('fish out of water'),
    ('dystopian society'),
    ('quest for revenge'),
    ('forbidden love'),
    ('coming of age'),
    ('hero\'s journey'),
    ('magical realism'),
    ('time travel'),
    ('parallel universes'),
    ('underdog story'),
    ('femme fatale'),
    ('rags to riches'),
    ('redemption arc'),
    ('villain protagonist'),
    ('hidden identity'),
    ('political intrigue'),
    ('family curse'),
    ('amnesia'),
    ('unreliable narrator'),
    ('artificial intelligence'),
    ('apocalyptic event'),
    ('supernatural powers'),
    ('haunted house'),
    ('epic battle'),
    ('lost civilization'),
    ('immortality'),
    ('space exploration'),
    ('betrayal');

insert ignore into book_author_map (isbn, author_id)
values
    ('6060641681411', '49'),
    ('6060641681411', '51'),
    ('6060641681411', '42'),
    ('1023289217588', '58'),
    ('1974233524298', '50'),
    ('3049524474031', '65'),
    ('3049524474031', '27'),
    ('9892487045527', '64'),
    ('9892487045527', '7'),
    ('9892487045527', '15'),
    ('1301261172290', '57'),
    ('1301261172290', '3'),
    ('6660788200121', '11'),
    ('6660788200121', '78'),
    ('6708196761943', '8'),
    ('7744552554723', '76'),
    ('7744552554723', '64'),
    ('7744552554723', '9'),
    ('6464439881658', '40'),
    ('6464439881658', '24'),
    ('1110592266106', '32'),
    ('1110592266106', '37'),
    ('1110592266106', '66'),
    ('4449926030403', '22'),
    ('1595967504988', '1'),
    ('1595967504988', '53'),
    ('1595967504988', '29'),
    ('4191077984697', '62'),
    ('8063754367414', '74'),
    ('8063754367414', '1'),
    ('8063754367414', '37'),
    ('3125788009931', '39'),
    ('5954304208599', '14'),
    ('5954304208599', '3'),
    ('5954304208599', '6'),
    ('4662490834820', '10'),
    ('3178213422439', '15'),
    ('3178213422439', '5'),
    ('3178213422439', '77'),
    ('2305108808553', '15'),
    ('0975111691742', '37'),
    ('0975111691742', '25'),
    ('0975111691742', '9'),
    ('2574071976554', '79'),
    ('2574071976554', '60'),
    ('7978141454397', '32'),
    ('6090038854482', '27'),
    ('5144851946150', '66'),
    ('5144851946150', '38'),
    ('5144851946150', '18'),
    ('3578181783300', '34'),
    ('3578181783300', '25'),
    ('3934524324208', '65'),
    ('3934524324208', '10'),
    ('1860408007193', '42'),
    ('1860408007193', '3'),
    ('5106947482236', '69'),
    ('5058118336656', '50'),
    ('1243330864984', '69'),
    ('1243330864984', '24'),
    ('1243330864984', '50'),
    ('9496195853724', '19'),
    ('9496195853724', '71'),
    ('1132495789916', '44'),
    ('1132495789916', '34'),
    ('1132495789916', '56'),
    ('9579526067160', '32'),
    ('9579526067160', '46'),
    ('9579526067160', '19'),
    ('0150189364154', '72'),
    ('0223507660470', '53'),
    ('0223507660470', '46'),
    ('2295959500116', '38'),
    ('2295959500116', '54'),
    ('2295959500116', '49'),
    ('2745576928872', '13'),
    ('2745576928872', '26'),
    ('2745576928872', '1'),
    ('5159818167511', '61'),
    ('5159818167511', '32'),
    ('5159818167511', '34'),
    ('1994234127317', '65'),
    ('1994234127317', '73'),
    ('1994234127317', '78'),
    ('4057018444199', '63'),
    ('4057018444199', '50'),
    ('4057018444199', '22'),
    ('4239967513632', '51'),
    ('2355861097947', '65'),
    ('3865150664028', '40'),
    ('1986593728083', '18'),
    ('1986593728083', '10'),
    ('1986593728083', '64'),
    ('0118948036792', '26'),
    ('7455434949466', '46'),
    ('7455434949466', '39'),
    ('7455434949466', '36'),
    ('2059020598128', '51'),
    ('2059020598128', '28'),
    ('7929654996624', '61'),
    ('7929654996624', '72'),
    ('7929654996624', '68'),
    ('3049280403205', '63'),
    ('3049280403205', '10'),
    ('3049280403205', '42'),
    ('4232560712401', '30'),
    ('4232560712401', '75'),
    ('8143923864548', '62'),
    ('8143923864548', '64'),
    ('8143923864548', '4'),
    ('9735655778972', '51'),
    ('9735655778972', '37'),
    ('1035568454704', '67'),
    ('1035568454704', '58'),
    ('0607767855798', '1'),
    ('0607767855798', '63'),
    ('7842844479253', '34'),
    ('7842844479253', '61'),
    ('0615455261025', '69'),
    ('0615455261025', '74'),
    ('0615455261025', '52'),
    ('6601770458594', '26'),
    ('6601770458594', '8'),
    ('6601770458594', '73'),
    ('4318107296549', '71'),
    ('7785822764057', '19'),
    ('2455289218316', '33'),
    ('2455289218316', '29'),
    ('2455289218316', '66'),
    ('1885708849922', '31'),
    ('1885708849922', '48'),
    ('1885708849922', '75'),
    ('4901639185169', '10'),
    ('7754122461229', '5'),
    ('8400187182819', '25'),
    ('5295441734164', '22'),
    ('7130903008485', '22'),
    ('7130903008485', '78'),
    ('7130903008485', '79'),
    ('6636535502087', '9'),
    ('6636535502087', '43'),
    ('0951886225847', '54'),
    ('0951886225847', '23'),
    ('3165932561200', '44'),
    ('3165932561200', '58'),
    ('3165932561200', '20'),
    ('5925908479390', '7'),
    ('5925908479390', '3'),
    ('3145348281555', '62'),
    ('0351210912665', '58'),
    ('0351210912665', '62'),
    ('0351210912665', '49'),
    ('9772114077409', '11'),
    ('9772114077409', '73'),
    ('2797946466204', '78'),
    ('6855086706983', '56'),
    ('6855086706983', '18'),
    ('7763464369767', '35'),
    ('6988976962421', '68'),
    ('6988976962421', '80'),
    ('3499953164668', '14'),
    ('9163288448782', '50'),
    ('9163288448782', '59'),
    ('9163288448782', '9'),
    ('8957650504957', '61'),
    ('8957650504957', '51'),
    ('8957650504957', '9'),
    ('0698634932652', '42'),
    ('3103876025114', '56'),
    ('3103876025114', '32'),
    ('4123838329190', '51'),
    ('4123838329190', '27'),
    ('4123838329190', '61'),
    ('9459721671168', '70'),
    ('9459721671168', '15'),
    ('9459721671168', '34'),
    ('5851714537860', '40'),
    ('5851714537860', '25'),
    ('5851714537860', '19'),
    ('7773573649293', '26'),
    ('7773573649293', '67'),
    ('7773573649293', '68'),
    ('3828193183261', '2'),
    ('9764123279792', '23'),
    ('9764123279792', '27'),
    ('9764123279792', '37'),
    ('2023738020453', '73'),
    ('2023738020453', '44'),
    ('2023738020453', '17'),
    ('3786175544300', '31'),
    ('3786175544300', '5'),
    ('3786175544300', '75'),
    ('8000735528110', '62'),
    ('8000735528110', '60'),
    ('2559741752740', '45'),
    ('2559741752740', '42'),
    ('2559741752740', '77'),
    ('4820249400983', '3'),
    ('4820249400983', '49'),
    ('1369937849557', '63'),
    ('1369937849557', '78'),
    ('1369937849557', '50'),
    ('7694061207258', '2'),
    ('9094151848678', '26'),
    ('8176321427897', '18'),
    ('8176321427897', '31'),
    ('4452041391417', '61'),
    ('4452041391417', '69'),
    ('4452041391417', '63'),
    ('1639230900782', '34'),
    ('1639230900782', '58'),
    ('2786643184976', '31'),
    ('2786643184976', '51'),
    ('7173641981214', '8'),
    ('7173641981214', '77'),
    ('3618190282844', '50'),
    ('6183570198342', '13'),
    ('6183570198342', '68'),
    ('6183570198342', '40'),
    ('2743865119315', '10'),
    ('5631391566212', '74'),
    ('5631391566212', '42'),
    ('1778105262060', '67'),
    ('0409308353857', '76'),
    ('0409308353857', '23'),
    ('0409308353857', '19'),
    ('5977507742366', '46'),
    ('5063755930743', '65'),
    ('5063755930743', '77'),
    ('5063755930743', '6'),
    ('6856160089488', '29'),
    ('6856160089488', '56'),
    ('6856160089488', '44'),
    ('6570145339310', '69'),
    ('6570145339310', '64'),
    ('6570145339310', '5'),
    ('4946078861310', '10'),
    ('4946078861310', '23'),
    ('4946078861310', '51'),
    ('7209530315694', '26'),
    ('7209530315694', '4'),
    ('9253229600691', '23'),
    ('9253229600691', '6'),
    ('9253229600691', '15'),
    ('5240621129375', '11'),
    ('5240621129375', '47'),
    ('5240621129375', '52'),
    ('6957094576650', '44'),
    ('6957094576650', '77'),
    ('1374845594979', '74'),
    ('1374845594979', '14'),
    ('6840630237606', '4'),
    ('6840630237606', '72'),
    ('6840630237606', '25'),
    ('6200396333924', '70'),
    ('6200396333924', '69'),
    ('6200396333924', '71');

insert ignore into book_category_map (isbn, category_name)
values
    ('6060641681411', 'education'),
    ('1023289217588', 'technology'),
    ('1023289217588', 'horror'),
    ('1974233524298', 'art'),
    ('1974233524298', 'horror'),
    ('1974233524298', 'science'),
    ('1974233524298', 'biography'),
    ('3049524474031', 'thriller'),
    ('3049524474031', 'horror'),
    ('9892487045527', 'nonfiction'),
    ('9892487045527', 'mystery'),
    ('9892487045527', 'sports'),
    ('1301261172290', 'education'),
    ('6660788200121', 'travel'),
    ('6660788200121', 'young adult'),
    ('6708196761943', 'business'),
    ('7744552554723', 'nonfiction'),
    ('7744552554723', 'thriller'),
    ('7744552554723', 'science'),
    ('7744552554723', 'music'),
    ('6464439881658', 'romance'),
    ('6464439881658', 'art'),
    ('6464439881658', 'science'),
    ('1110592266106', 'art'),
    ('1110592266106', 'technology'),
    ('1110592266106', 'finance'),
    ('1110592266106', 'biography'),
    ('4449926030403', 'children'),
    ('1595967504988', 'comedy'),
    ('1595967504988', 'science fiction'),
    ('1595967504988', 'philosophy'),
    ('1595967504988', 'drama'),
    ('4191077984697', 'young adult'),
    ('4191077984697', 'philosophy'),
    ('4191077984697', 'thriller'),
    ('8063754367414', 'children'),
    ('8063754367414', 'education'),
    ('8063754367414', 'history'),
    ('8063754367414', 'romance'),
    ('3125788009931', 'cookbooks'),
    ('3125788009931', 'travel'),
    ('3125788009931', 'horror'),
    ('3125788009931', 'historical fiction'),
    ('5954304208599', 'horror'),
    ('5954304208599', 'nonfiction'),
    ('5954304208599', 'cookbooks'),
    ('4662490834820', 'thriller'),
    ('4662490834820', 'poetry'),
    ('3178213422439', 'historical fiction'),
    ('3178213422439', 'sports'),
    ('3178213422439', 'cookbooks'),
    ('3178213422439', 'comedy'),
    ('2305108808553', 'art'),
    ('0975111691742', 'technology'),
    ('2574071976554', 'science'),
    ('2574071976554', 'young adult'),
    ('2574071976554', 'horror'),
    ('7978141454397', 'psychology'),
    ('7978141454397', 'religion'),
    ('7978141454397', 'young adult'),
    ('6090038854482', 'science'),
    ('6090038854482', 'historical fiction'),
    ('5144851946150', 'historical fiction'),
    ('3578181783300', 'horror'),
    ('3578181783300', 'sports'),
    ('3578181783300', 'historical fiction'),
    ('3934524324208', 'horror'),
    ('3934524324208', 'religion'),
    ('3934524324208', 'science fiction'),
    ('1860408007193', 'music'),
    ('1860408007193', 'romance'),
    ('1860408007193', 'thriller'),
    ('5106947482236', 'art'),
    ('5106947482236', 'cookbooks'),
    ('5058118336656', 'psychology'),
    ('5058118336656', 'historical fiction'),
    ('1243330864984', 'history'),
    ('9496195853724', 'children'),
    ('1132495789916', 'comedy'),
    ('1132495789916', 'young adult'),
    ('9579526067160', 'fiction'),
    ('0150189364154', 'cookbooks'),
    ('0150189364154', 'technology'),
    ('0223507660470', 'horror'),
    ('0223507660470', 'cookbooks'),
    ('0223507660470', 'romance'),
    ('2295959500116', 'music'),
    ('2745576928872', 'sports'),
    ('2745576928872', 'travel'),
    ('2745576928872', 'psychology'),
    ('5159818167511', 'historical fiction'),
    ('1994234127317', 'religion'),
    ('1994234127317', 'children'),
    ('1994234127317', 'comedy'),
    ('1994234127317', 'romance'),
    ('4057018444199', 'comedy'),
    ('4057018444199', 'music'),
    ('4057018444199', 'finance'),
    ('4239967513632', 'fiction'),
    ('2355861097947', 'science'),
    ('2355861097947', 'philosophy'),
    ('2355861097947', 'romance'),
    ('3865150664028', 'nonfiction'),
    ('1986593728083', 'science'),
    ('0118948036792', 'young adult'),
    ('0118948036792', 'autobiography'),
    ('7455434949466', 'technology'),
    ('7455434949466', 'travel'),
    ('7455434949466', 'finance'),
    ('2059020598128', 'thriller'),
    ('2059020598128', 'religion'),
    ('2059020598128', 'art'),
    ('2059020598128', 'travel'),
    ('7929654996624', 'romance'),
    ('7929654996624', 'mystery'),
    ('7929654996624', 'travel'),
    ('7929654996624', 'children'),
    ('3049280403205', 'science fiction'),
    ('3049280403205', 'business'),
    ('3049280403205', 'mystery'),
    ('4232560712401', 'business'),
    ('4232560712401', 'education'),
    ('4232560712401', 'biography'),
    ('4232560712401', 'thriller'),
    ('8143923864548', 'cookbooks'),
    ('8143923864548', 'education'),
    ('9735655778972', 'science fiction'),
    ('1035568454704', 'drama'),
    ('1035568454704', 'travel'),
    ('0607767855798', 'religion'),
    ('0607767855798', 'art'),
    ('7842844479253', 'romance'),
    ('7842844479253', 'nonfiction'),
    ('7842844479253', 'sports'),
    ('0615455261025', 'sports'),
    ('0615455261025', 'history'),
    ('6601770458594', 'young adult'),
    ('6601770458594', 'sports'),
    ('6601770458594', 'horror'),
    ('6601770458594', 'biography'),
    ('4318107296549', 'art'),
    ('7785822764057', 'romance'),
    ('7785822764057', 'art'),
    ('7785822764057', 'business'),
    ('7785822764057', 'mystery'),
    ('2455289218316', 'fiction'),
    ('2455289218316', 'religion'),
    ('2455289218316', 'young adult'),
    ('1885708849922', 'education'),
    ('1885708849922', 'poetry'),
    ('1885708849922', 'fiction'),
    ('4901639185169', 'romance'),
    ('7754122461229', 'poetry'),
    ('7754122461229', 'history'),
    ('7754122461229', 'biography'),
    ('8400187182819', 'religion'),
    ('8400187182819', 'young adult'),
    ('8400187182819', 'horror'),
    ('8400187182819', 'business'),
    ('5295441734164', 'nonfiction'),
    ('5295441734164', 'science fiction'),
    ('5295441734164', 'poetry'),
    ('7130903008485', 'poetry'),
    ('7130903008485', 'education'),
    ('6636535502087', 'philosophy'),
    ('0951886225847', 'sports'),
    ('0951886225847', 'romance'),
    ('0951886225847', 'drama'),
    ('0951886225847', 'horror'),
    ('3165932561200', 'travel'),
    ('5925908479390', 'fiction'),
    ('5925908479390', 'education'),
    ('5925908479390', 'children'),
    ('3145348281555', 'horror'),
    ('3145348281555', 'psychology'),
    ('0351210912665', 'religion'),
    ('0351210912665', 'sports'),
    ('9772114077409', 'science'),
    ('9772114077409', 'thriller'),
    ('2797946466204', 'thriller'),
    ('2797946466204', 'sports'),
    ('6855086706983', 'comedy'),
    ('6855086706983', 'history'),
    ('6855086706983', 'poetry'),
    ('7763464369767', 'travel'),
    ('6988976962421', 'fiction'),
    ('6988976962421', 'cookbooks'),
    ('6988976962421', 'sports'),
    ('3499953164668', 'poetry'),
    ('3499953164668', 'cookbooks'),
    ('3499953164668', 'art'),
    ('3499953164668', 'autobiography'),
    ('9163288448782', 'fiction'),
    ('9163288448782', 'travel'),
    ('9163288448782', 'sports'),
    ('9163288448782', 'science fiction'),
    ('8957650504957', 'art'),
    ('0698634932652', 'philosophy'),
    ('0698634932652', 'fiction'),
    ('0698634932652', 'children'),
    ('3103876025114', 'horror'),
    ('3103876025114', 'romance'),
    ('4123838329190', 'fantasy'),
    ('4123838329190', 'sports'),
    ('9459721671168', 'autobiography'),
    ('9459721671168', 'poetry'),
    ('5851714537860', 'fantasy'),
    ('5851714537860', 'fiction'),
    ('5851714537860', 'education'),
    ('5851714537860', 'business'),
    ('7773573649293', 'nonfiction'),
    ('3828193183261', 'horror'),
    ('3828193183261', 'philosophy'),
    ('9764123279792', 'nonfiction'),
    ('9764123279792', 'fiction'),
    ('9764123279792', 'psychology'),
    ('2023738020453', 'science fiction'),
    ('3786175544300', 'sports'),
    ('3786175544300', 'horror'),
    ('8000735528110', 'horror'),
    ('8000735528110', 'philosophy'),
    ('8000735528110', 'science fiction'),
    ('2559741752740', 'horror'),
    ('4820249400983', 'music'),
    ('1369937849557', 'science'),
    ('7694061207258', 'science fiction'),
    ('7694061207258', 'young adult'),
    ('7694061207258', 'drama'),
    ('9094151848678', 'sports'),
    ('9094151848678', 'drama'),
    ('9094151848678', 'religion'),
    ('9094151848678', 'fiction'),
    ('8176321427897', 'science fiction'),
    ('8176321427897', 'nonfiction'),
    ('8176321427897', 'music'),
    ('8176321427897', 'young adult'),
    ('4452041391417', 'fantasy'),
    ('4452041391417', 'mystery'),
    ('4452041391417', 'romance'),
    ('4452041391417', 'poetry'),
    ('1639230900782', 'historical fiction'),
    ('1639230900782', 'science'),
    ('1639230900782', 'fiction'),
    ('2786643184976', 'nonfiction'),
    ('2786643184976', 'education'),
    ('2786643184976', 'sports'),
    ('2786643184976', 'music'),
    ('7173641981214', 'nonfiction'),
    ('7173641981214', 'music'),
    ('7173641981214', 'technology'),
    ('7173641981214', 'fiction'),
    ('3618190282844', 'children'),
    ('3618190282844', 'philosophy'),
    ('6183570198342', 'science'),
    ('6183570198342', 'biography'),
    ('2743865119315', 'cookbooks'),
    ('2743865119315', 'travel'),
    ('2743865119315', 'education'),
    ('5631391566212', 'cookbooks'),
    ('5631391566212', 'mystery'),
    ('5631391566212', 'education'),
    ('1778105262060', 'cookbooks'),
    ('1778105262060', 'history'),
    ('1778105262060', 'horror'),
    ('0409308353857', 'education'),
    ('5977507742366', 'science fiction'),
    ('5977507742366', 'drama'),
    ('5977507742366', 'religion'),
    ('5977507742366', 'technology'),
    ('5063755930743', 'nonfiction'),
    ('6856160089488', 'mystery'),
    ('6856160089488', 'poetry'),
    ('6570145339310', 'science'),
    ('6570145339310', 'biography'),
    ('6570145339310', 'fantasy'),
    ('4946078861310', 'history'),
    ('4946078861310', 'fantasy'),
    ('4946078861310', 'comedy'),
    ('4946078861310', 'psychology'),
    ('7209530315694', 'history'),
    ('7209530315694', 'drama'),
    ('7209530315694', 'psychology'),
    ('9253229600691', 'autobiography'),
    ('9253229600691', 'finance'),
    ('9253229600691', 'poetry'),
    ('5240621129375', 'comedy'),
    ('5240621129375', 'art'),
    ('6957094576650', 'art'),
    ('6957094576650', 'horror'),
    ('6957094576650', 'finance'),
    ('1374845594979', 'travel'),
    ('1374845594979', 'history'),
    ('1374845594979', 'fantasy'),
    ('1374845594979', 'fiction'),
    ('6840630237606', 'poetry'),
    ('6840630237606', 'fantasy'),
    ('6200396333924', 'cookbooks'),
    ('6200396333924', 'travel'),
    ('6200396333924', 'technology');

insert ignore into book_keyword_map (isbn, keyword_name)
values
    ('6060641681411', 'coming of age'),
    ('6060641681411', 'love triangle'),
    ('6060641681411', 'underdog story'),
    ('6060641681411', 'hidden identity'),
    ('1023289217588', 'family curse'),
    ('1023289217588', 'femme fatale'),
    ('1023289217588', 'forbidden love'),
    ('1974233524298', 'parallel universes'),
    ('3049524474031', 'epic battle'),
    ('3049524474031', 'artificial intelligence'),
    ('9892487045527', 'haunted house'),
    ('9892487045527', 'magical realism'),
    ('1301261172290', 'space exploration'),
    ('6660788200121', 'underdog story'),
    ('6708196761943', 'supernatural powers'),
    ('6708196761943', 'femme fatale'),
    ('7744552554723', 'family curse'),
    ('7744552554723', 'lost civilization'),
    ('6464439881658', 'redemption arc'),
    ('1110592266106', 'amnesia'),
    ('1110592266106', 'fish out of water'),
    ('4449926030403', 'parallel universes'),
    ('4449926030403', 'betrayal'),
    ('4449926030403', 'quest for revenge'),
    ('4449926030403', 'magical realism'),
    ('1595967504988', 'rags to riches'),
    ('4191077984697', 'hero\'s journey'),
    ('8063754367414', 'haunted house'),
    ('8063754367414', 'redemption arc'),
    ('8063754367414', 'epic battle'),
    ('8063754367414', 'parallel universes'),
    ('3125788009931', 'hero\'s journey'),
    ('3125788009931', 'hidden identity'),
    ('3125788009931', 'artificial intelligence'),
    ('5954304208599', 'love triangle'),
    ('4662490834820', 'time travel'),
    ('4662490834820', 'haunted house'),
    ('3178213422439', 'villain protagonist'),
    ('3178213422439', 'amnesia'),
    ('3178213422439', 'time travel'),
    ('3178213422439', 'femme fatale'),
    ('2305108808553', 'supernatural powers'),
    ('0975111691742', 'immortality'),
    ('0975111691742', 'hero\'s journey'),
    ('2574071976554', 'unreliable narrator'),
    ('2574071976554', 'love triangle'),
    ('2574071976554', 'immortality'),
    ('2574071976554', 'space exploration'),
    ('7978141454397', 'unreliable narrator'),
    ('6090038854482', 'quest for revenge'),
    ('6090038854482', 'chosen one'),
    ('5144851946150', 'hero\'s journey'),
    ('5144851946150', 'redemption arc'),
    ('3578181783300', 'redemption arc'),
    ('3578181783300', 'villain protagonist'),
    ('3934524324208', 'hidden identity'),
    ('3934524324208', 'villain protagonist'),
    ('3934524324208', 'fish out of water'),
    ('3934524324208', 'political intrigue'),
    ('1860408007193', 'hero\'s journey'),
    ('1860408007193', 'quest for revenge'),
    ('1860408007193', 'femme fatale'),
    ('1860408007193', 'chosen one'),
    ('5106947482236', 'immortality'),
    ('5106947482236', 'chosen one'),
    ('5106947482236', 'political intrigue'),
    ('5106947482236', 'fish out of water'),
    ('5058118336656', 'hidden identity'),
    ('1243330864984', 'villain protagonist'),
    ('1243330864984', 'family curse'),
    ('1243330864984', 'rags to riches'),
    ('1243330864984', 'chosen one'),
    ('9496195853724', 'betrayal'),
    ('1132495789916', 'hidden identity'),
    ('1132495789916', 'amnesia'),
    ('1132495789916', 'dystopian society'),
    ('9579526067160', 'hidden identity'),
    ('9579526067160', 'parallel universes'),
    ('9579526067160', 'unreliable narrator'),
    ('9579526067160', 'chosen one'),
    ('0150189364154', 'love triangle'),
    ('0223507660470', 'space exploration'),
    ('0223507660470', 'family curse'),
    ('0223507660470', 'quest for revenge'),
    ('2295959500116', 'parallel universes'),
    ('2295959500116', 'dystopian society'),
    ('2745576928872', 'supernatural powers'),
    ('2745576928872', 'hidden identity'),
    ('2745576928872', 'love triangle'),
    ('2745576928872', 'epic battle'),
    ('5159818167511', 'dystopian society'),
    ('1994234127317', 'coming of age'),
    ('1994234127317', 'parallel universes'),
    ('1994234127317', 'villain protagonist'),
    ('1994234127317', 'political intrigue'),
    ('4057018444199', 'rags to riches'),
    ('4057018444199', 'space exploration'),
    ('4057018444199', 'political intrigue'),
    ('4057018444199', 'amnesia'),
    ('4239967513632', 'villain protagonist'),
    ('2355861097947', 'hero\'s journey'),
    ('2355861097947', 'magical realism'),
    ('3865150664028', 'chosen one'),
    ('3865150664028', 'lost civilization'),
    ('3865150664028', 'apocalyptic event'),
    ('1986593728083', 'love triangle'),
    ('1986593728083', 'underdog story'),
    ('1986593728083', 'rags to riches'),
    ('0118948036792', 'coming of age'),
    ('7455434949466', 'coming of age'),
    ('7455434949466', 'redemption arc'),
    ('7455434949466', 'time travel'),
    ('2059020598128', 'epic battle'),
    ('7929654996624', 'forbidden love'),
    ('7929654996624', 'space exploration'),
    ('7929654996624', 'chosen one'),
    ('7929654996624', 'dystopian society'),
    ('3049280403205', 'time travel'),
    ('3049280403205', 'amnesia'),
    ('4232560712401', 'underdog story'),
    ('4232560712401', 'hidden identity'),
    ('4232560712401', 'time travel'),
    ('4232560712401', 'lost civilization'),
    ('8143923864548', 'supernatural powers'),
    ('8143923864548', 'betrayal'),
    ('9735655778972', 'coming of age'),
    ('9735655778972', 'villain protagonist'),
    ('9735655778972', 'space exploration'),
    ('9735655778972', 'artificial intelligence'),
    ('1035568454704', 'family curse'),
    ('0607767855798', 'chosen one'),
    ('0607767855798', 'epic battle'),
    ('7842844479253', 'fish out of water'),
    ('7842844479253', 'villain protagonist'),
    ('7842844479253', 'epic battle'),
    ('0615455261025', 'political intrigue'),
    ('0615455261025', 'immortality'),
    ('0615455261025', 'fish out of water'),
    ('6601770458594', 'redemption arc'),
    ('6601770458594', 'space exploration'),
    ('6601770458594', 'political intrigue'),
    ('6601770458594', 'family curse'),
    ('4318107296549', 'redemption arc'),
    ('4318107296549', 'rags to riches'),
    ('4318107296549', 'apocalyptic event'),
    ('4318107296549', 'epic battle'),
    ('7785822764057', 'supernatural powers'),
    ('7785822764057', 'political intrigue'),
    ('2455289218316', 'coming of age'),
    ('2455289218316', 'hidden identity'),
    ('1885708849922', 'space exploration'),
    ('1885708849922', 'dystopian society'),
    ('4901639185169', 'redemption arc'),
    ('4901639185169', 'rags to riches'),
    ('4901639185169', 'chosen one'),
    ('4901639185169', 'fish out of water'),
    ('7754122461229', 'family curse'),
    ('7754122461229', 'parallel universes'),
    ('7754122461229', 'epic battle'),
    ('7754122461229', 'haunted house'),
    ('8400187182819', 'chosen one'),
    ('8400187182819', 'redemption arc'),
    ('8400187182819', 'haunted house'),
    ('5295441734164', 'lost civilization'),
    ('5295441734164', 'femme fatale'),
    ('7130903008485', 'lost civilization'),
    ('7130903008485', 'hero\'s journey'),
    ('7130903008485', 'supernatural powers'),
    ('7130903008485', 'artificial intelligence'),
    ('6636535502087', 'love triangle'),
    ('6636535502087', 'redemption arc'),
    ('6636535502087', 'fish out of water'),
    ('0951886225847', 'betrayal'),
    ('3165932561200', 'apocalyptic event'),
    ('3165932561200', 'redemption arc'),
    ('5925908479390', 'coming of age'),
    ('5925908479390', 'fish out of water'),
    ('3145348281555', 'rags to riches'),
    ('0351210912665', 'quest for revenge'),
    ('0351210912665', 'redemption arc'),
    ('0351210912665', 'femme fatale'),
    ('9772114077409', 'dystopian society'),
    ('9772114077409', 'supernatural powers'),
    ('9772114077409', 'betrayal'),
    ('9772114077409', 'political intrigue'),
    ('2797946466204', 'time travel'),
    ('2797946466204', 'quest for revenge'),
    ('2797946466204', 'supernatural powers'),
    ('6855086706983', 'artificial intelligence'),
    ('6855086706983', 'apocalyptic event'),
    ('6855086706983', 'quest for revenge'),
    ('6855086706983', 'villain protagonist'),
    ('7763464369767', 'space exploration'),
    ('7763464369767', 'immortality'),
    ('7763464369767', 'coming of age'),
    ('7763464369767', 'chosen one'),
    ('6988976962421', 'hero\'s journey'),
    ('6988976962421', 'artificial intelligence'),
    ('6988976962421', 'quest for revenge'),
    ('6988976962421', 'betrayal'),
    ('3499953164668', 'villain protagonist'),
    ('3499953164668', 'political intrigue'),
    ('3499953164668', 'quest for revenge'),
    ('3499953164668', 'betrayal'),
    ('9163288448782', 'love triangle'),
    ('9163288448782', 'immortality'),
    ('8957650504957', 'amnesia'),
    ('8957650504957', 'space exploration'),
    ('8957650504957', 'fish out of water'),
    ('8957650504957', 'political intrigue'),
    ('0698634932652', 'epic battle'),
    ('0698634932652', 'space exploration'),
    ('0698634932652', 'immortality'),
    ('0698634932652', 'femme fatale'),
    ('3103876025114', 'quest for revenge'),
    ('3103876025114', 'chosen one'),
    ('3103876025114', 'rags to riches'),
    ('3103876025114', 'amnesia'),
    ('4123838329190', 'underdog story'),
    ('4123838329190', 'coming of age'),
    ('4123838329190', 'lost civilization'),
    ('9459721671168', 'betrayal'),
    ('9459721671168', 'hero\'s journey'),
    ('9459721671168', 'redemption arc'),
    ('9459721671168', 'forbidden love'),
    ('5851714537860', 'hero\'s journey'),
    ('5851714537860', 'redemption arc'),
    ('5851714537860', 'apocalyptic event'),
    ('7773573649293', 'villain protagonist'),
    ('3828193183261', 'time travel'),
    ('3828193183261', 'love triangle'),
    ('3828193183261', 'supernatural powers'),
    ('3828193183261', 'amnesia'),
    ('9764123279792', 'epic battle'),
    ('9764123279792', 'love triangle'),
    ('9764123279792', 'hero\'s journey'),
    ('9764123279792', 'amnesia'),
    ('2023738020453', 'femme fatale'),
    ('2023738020453', 'time travel'),
    ('2023738020453', 'fish out of water'),
    ('2023738020453', 'amnesia'),
    ('3786175544300', 'parallel universes'),
    ('3786175544300', 'femme fatale'),
    ('3786175544300', 'unreliable narrator'),
    ('8000735528110', 'haunted house'),
    ('2559741752740', 'unreliable narrator'),
    ('2559741752740', 'artificial intelligence'),
    ('2559741752740', 'femme fatale'),
    ('2559741752740', 'epic battle'),
    ('4820249400983', 'apocalyptic event'),
    ('4820249400983', 'hero\'s journey'),
    ('4820249400983', 'amnesia'),
    ('1369937849557', 'chosen one'),
    ('1369937849557', 'underdog story'),
    ('7694061207258', 'love triangle'),
    ('7694061207258', 'supernatural powers'),
    ('7694061207258', 'apocalyptic event'),
    ('9094151848678', 'family curse'),
    ('9094151848678', 'rags to riches'),
    ('9094151848678', 'magical realism'),
    ('8176321427897', 'underdog story'),
    ('8176321427897', 'epic battle'),
    ('8176321427897', 'immortality'),
    ('4452041391417', 'chosen one'),
    ('1639230900782', 'love triangle'),
    ('2786643184976', 'artificial intelligence'),
    ('2786643184976', 'space exploration'),
    ('2786643184976', 'hero\'s journey'),
    ('2786643184976', 'amnesia'),
    ('7173641981214', 'underdog story'),
    ('7173641981214', 'rags to riches'),
    ('7173641981214', 'fish out of water'),
    ('3618190282844', 'epic battle'),
    ('3618190282844', 'femme fatale'),
    ('3618190282844', 'space exploration'),
    ('6183570198342', 'rags to riches'),
    ('6183570198342', 'political intrigue'),
    ('6183570198342', 'unreliable narrator'),
    ('2743865119315', 'dystopian society'),
    ('2743865119315', 'immortality'),
    ('2743865119315', 'love triangle'),
    ('5631391566212', 'immortality'),
    ('1778105262060', 'immortality'),
    ('1778105262060', 'villain protagonist'),
    ('1778105262060', 'lost civilization'),
    ('1778105262060', 'underdog story'),
    ('0409308353857', 'hidden identity'),
    ('0409308353857', 'magical realism'),
    ('0409308353857', 'unreliable narrator'),
    ('5977507742366', 'family curse'),
    ('5977507742366', 'coming of age'),
    ('5063755930743', 'magical realism'),
    ('5063755930743', 'political intrigue'),
    ('5063755930743', 'haunted house'),
    ('5063755930743', 'space exploration'),
    ('6856160089488', 'magical realism'),
    ('6570145339310', 'apocalyptic event'),
    ('6570145339310', 'artificial intelligence'),
    ('4946078861310', 'immortality'),
    ('4946078861310', 'parallel universes'),
    ('7209530315694', 'political intrigue'),
    ('7209530315694', 'unreliable narrator'),
    ('7209530315694', 'hero\'s journey'),
    ('9253229600691', 'femme fatale'),
    ('9253229600691', 'hidden identity'),
    ('9253229600691', 'betrayal'),
    ('5240621129375', 'hidden identity'),
    ('5240621129375', 'redemption arc'),
    ('5240621129375', 'haunted house'),
    ('6957094576650', 'lost civilization'),
    ('6957094576650', 'parallel universes'),
    ('6957094576650', 'love triangle'),
    ('6957094576650', 'dystopian society'),
    ('1374845594979', 'time travel'),
    ('1374845594979', 'forbidden love'),
    ('6840630237606', 'amnesia'),
    ('6200396333924', 'space exploration'),
    ('6200396333924', 'supernatural powers');

insert ignore into book_belonging (isbn, school_name, total_copies_count)
values
    ('6060641681411', 'National Technical University of Athens', '13'),
    ('6060641681411', 'University of West Attica', '8'),
    ('6060641681411', 'National and Kapodistrian University of Athens', '10'),
    ('6060641681411', 'Athens University of Economics and Business', '12'),
    ('6060641681411', 'Aristotle University of Thessaloniki', '5'),
    ('6060641681411', 'University of Piraeus', '6'),
    ('6060641681411', 'University of Crete', '8'),
    ('6060641681411', 'University Of Patras', '7'),
    ('1023289217588', 'Athens University of Economics and Business', '3'),
    ('1023289217588', 'University of Crete', '15'),
    ('1023289217588', 'University Of Patras', '3'),
    ('1974233524298', 'Aristotle University of Thessaloniki', '14'),
    ('3049524474031', 'University of Piraeus', '9'),
    ('3049524474031', 'National and Kapodistrian University of Athens', '6'),
    ('3049524474031', 'University of West Attica', '9'),
    ('3049524474031', 'Aristotle University of Thessaloniki', '2'),
    ('3049524474031', 'University Of Patras', '14'),
    ('3049524474031', 'University of Crete', '4'),
    ('3049524474031', 'National Technical University of Athens', '6'),
    ('3049524474031', 'Athens University of Economics and Business', '5'),
    ('9892487045527', 'Athens University of Economics and Business', '9'),
    ('9892487045527', 'National and Kapodistrian University of Athens', '16'),
    ('9892487045527', 'National Technical University of Athens', '14'),
    ('9892487045527', 'University of West Attica', '8'),
    ('9892487045527', 'Aristotle University of Thessaloniki', '14'),
    ('9892487045527', 'University Of Patras', '15'),
    ('1301261172290', 'National Technical University of Athens', '12'),
    ('1301261172290', 'National and Kapodistrian University of Athens', '8'),
    ('1301261172290', 'University of West Attica', '6'),
    ('1301261172290', 'Athens University of Economics and Business', '11'),
    ('1301261172290', 'University Of Patras', '9'),
    ('1301261172290', 'University of Crete', '2'),
    ('6660788200121', 'University of Piraeus', '15'),
    ('6660788200121', 'Athens University of Economics and Business', '5'),
    ('6660788200121', 'University of Crete', '3'),
    ('6660788200121', 'National Technical University of Athens', '13'),
    ('6660788200121', 'National and Kapodistrian University of Athens', '14'),
    ('6660788200121', 'University of West Attica', '9'),
    ('6708196761943', 'University of Piraeus', '15'),
    ('6708196761943', 'National Technical University of Athens', '8'),
    ('6708196761943', 'Aristotle University of Thessaloniki', '5'),
    ('6708196761943', 'University of Crete', '6'),
    ('7744552554723', 'University of West Attica', '2'),
    ('6464439881658', 'Aristotle University of Thessaloniki', '1'),
    ('6464439881658', 'Athens University of Economics and Business', '15'),
    ('6464439881658', 'University of Crete', '5'),
    ('6464439881658', 'University Of Patras', '3'),
    ('6464439881658', 'National and Kapodistrian University of Athens', '9'),
    ('6464439881658', 'University of West Attica', '2'),
    ('6464439881658', 'University of Piraeus', '3'),
    ('6464439881658', 'National Technical University of Athens', '14'),
    ('1110592266106', 'Aristotle University of Thessaloniki', '15'),
    ('1110592266106', 'Athens University of Economics and Business', '1'),
    ('1110592266106', 'University of Piraeus', '6'),
    ('1110592266106', 'National and Kapodistrian University of Athens', '14'),
    ('1110592266106', 'University of Crete', '11'),
    ('4449926030403', 'University of Crete', '10'),
    ('4449926030403', 'National Technical University of Athens', '1'),
    ('4449926030403', 'Aristotle University of Thessaloniki', '6'),
    ('4449926030403', 'University of West Attica', '9'),
    ('4449926030403', 'National and Kapodistrian University of Athens', '13'),
    ('1595967504988', 'Athens University of Economics and Business', '16'),
    ('1595967504988', 'University of Piraeus', '14'),
    ('4191077984697', 'Athens University of Economics and Business', '3'),
    ('4191077984697', 'Aristotle University of Thessaloniki', '14'),
    ('4191077984697', 'University of Piraeus', '2'),
    ('4191077984697', 'University Of Patras', '16'),
    ('4191077984697', 'National Technical University of Athens', '11'),
    ('4191077984697', 'University of Crete', '6'),
    ('8063754367414', 'Athens University of Economics and Business', '9'),
    ('8063754367414', 'University of Piraeus', '9'),
    ('3125788009931', 'University of Piraeus', '11'),
    ('3125788009931', 'National Technical University of Athens', '8'),
    ('3125788009931', 'University Of Patras', '14'),
    ('3125788009931', 'Athens University of Economics and Business', '9'),
    ('5954304208599', 'University of West Attica', '1'),
    ('5954304208599', 'University of Crete', '12'),
    ('5954304208599', 'National Technical University of Athens', '10'),
    ('5954304208599', 'Athens University of Economics and Business', '10'),
    ('5954304208599', 'Aristotle University of Thessaloniki', '5'),
    ('4662490834820', 'University of Piraeus', '1'),
    ('4662490834820', 'National Technical University of Athens', '5'),
    ('4662490834820', 'Aristotle University of Thessaloniki', '15'),
    ('4662490834820', 'Athens University of Economics and Business', '1'),
    ('4662490834820', 'University of West Attica', '16'),
    ('3178213422439', 'Aristotle University of Thessaloniki', '2'),
    ('3178213422439', 'University Of Patras', '3'),
    ('3178213422439', 'National and Kapodistrian University of Athens', '15'),
    ('3178213422439', 'University of Crete', '14'),
    ('2305108808553', 'University of Crete', '12'),
    ('2305108808553', 'Athens University of Economics and Business', '14'),
    ('2305108808553', 'Aristotle University of Thessaloniki', '13'),
    ('2305108808553', 'National Technical University of Athens', '11'),
    ('2305108808553', 'National and Kapodistrian University of Athens', '11'),
    ('0975111691742', 'University of West Attica', '6'),
    ('0975111691742', 'University of Piraeus', '2'),
    ('2574071976554', 'University of Piraeus', '5'),
    ('2574071976554', 'National Technical University of Athens', '5'),
    ('2574071976554', 'University of West Attica', '2'),
    ('2574071976554', 'Athens University of Economics and Business', '13'),
    ('7978141454397', 'University Of Patras', '10'),
    ('7978141454397', 'Aristotle University of Thessaloniki', '13'),
    ('7978141454397', 'Athens University of Economics and Business', '8'),
    ('6090038854482', 'University of West Attica', '10'),
    ('6090038854482', 'Aristotle University of Thessaloniki', '8'),
    ('6090038854482', 'University of Crete', '6'),
    ('5144851946150', 'Athens University of Economics and Business', '5'),
    ('5144851946150', 'University of Crete', '15'),
    ('5144851946150', 'National and Kapodistrian University of Athens', '7'),
    ('3578181783300', 'Athens University of Economics and Business', '7'),
    ('3578181783300', 'University of Piraeus', '4'),
    ('3578181783300', 'University of West Attica', '14'),
    ('3578181783300', 'National Technical University of Athens', '15'),
    ('3934524324208', 'University of West Attica', '4'),
    ('3934524324208', 'University Of Patras', '7'),
    ('3934524324208', 'National and Kapodistrian University of Athens', '2'),
    ('1860408007193', 'University of Piraeus', '1'),
    ('1860408007193', 'Athens University of Economics and Business', '12'),
    ('1860408007193', 'National Technical University of Athens', '16'),
    ('1860408007193', 'Aristotle University of Thessaloniki', '16'),
    ('1860408007193', 'University of Crete', '6'),
    ('5106947482236', 'University of West Attica', '8'),
    ('5106947482236', 'National Technical University of Athens', '2'),
    ('5058118336656', 'Aristotle University of Thessaloniki', '13'),
    ('5058118336656', 'University of Crete', '4'),
    ('5058118336656', 'University of West Attica', '15'),
    ('5058118336656', 'National Technical University of Athens', '1'),
    ('5058118336656', 'Athens University of Economics and Business', '8'),
    ('1243330864984', 'Athens University of Economics and Business', '9'),
    ('1243330864984', 'University of West Attica', '1'),
    ('1243330864984', 'National and Kapodistrian University of Athens', '10'),
    ('9496195853724', 'National and Kapodistrian University of Athens', '10'),
    ('9496195853724', 'Athens University of Economics and Business', '4'),
    ('9496195853724', 'National Technical University of Athens', '10'),
    ('9496195853724', 'University of Piraeus', '15'),
    ('9496195853724', 'University Of Patras', '14'),
    ('9496195853724', 'University of Crete', '4'),
    ('9496195853724', 'Aristotle University of Thessaloniki', '9'),
    ('9496195853724', 'University of West Attica', '4'),
    ('1132495789916', 'University of Piraeus', '5'),
    ('1132495789916', 'National Technical University of Athens', '13'),
    ('1132495789916', 'National and Kapodistrian University of Athens', '2'),
    ('1132495789916', 'Athens University of Economics and Business', '13'),
    ('1132495789916', 'University Of Patras', '8'),
    ('1132495789916', 'University of Crete', '11'),
    ('9579526067160', 'National and Kapodistrian University of Athens', '4'),
    ('9579526067160', 'National Technical University of Athens', '11'),
    ('9579526067160', 'University of Crete', '7'),
    ('9579526067160', 'University Of Patras', '5'),
    ('9579526067160', 'Athens University of Economics and Business', '8'),
    ('0150189364154', 'University of Crete', '10'),
    ('0150189364154', 'University Of Patras', '2'),
    ('0150189364154', 'Aristotle University of Thessaloniki', '4'),
    ('0150189364154', 'Athens University of Economics and Business', '5'),
    ('0150189364154', 'University of West Attica', '5'),
    ('0223507660470', 'University of Crete', '6'),
    ('2295959500116', 'National and Kapodistrian University of Athens', '6'),
    ('2295959500116', 'Athens University of Economics and Business', '4'),
    ('2295959500116', 'National Technical University of Athens', '9'),
    ('2295959500116', 'University of West Attica', '2'),
    ('2295959500116', 'University of Piraeus', '2'),
    ('2295959500116', 'Aristotle University of Thessaloniki', '4'),
    ('2295959500116', 'University Of Patras', '9'),
    ('2745576928872', 'University of Crete', '4'),
    ('2745576928872', 'University of West Attica', '7'),
    ('2745576928872', 'University of Piraeus', '1'),
    ('2745576928872', 'University Of Patras', '7'),
    ('2745576928872', 'Athens University of Economics and Business', '4'),
    ('5159818167511', 'National Technical University of Athens', '4'),
    ('5159818167511', 'University Of Patras', '5'),
    ('5159818167511', 'University of Crete', '2'),
    ('5159818167511', 'Athens University of Economics and Business', '4'),
    ('5159818167511', 'National and Kapodistrian University of Athens', '15'),
    ('5159818167511', 'University of West Attica', '16'),
    ('5159818167511', 'Aristotle University of Thessaloniki', '10'),
    ('5159818167511', 'University of Piraeus', '9'),
    ('1994234127317', 'National Technical University of Athens', '5'),
    ('1994234127317', 'Aristotle University of Thessaloniki', '16'),
    ('1994234127317', 'University of Crete', '1'),
    ('1994234127317', 'Athens University of Economics and Business', '4'),
    ('1994234127317', 'University Of Patras', '16'),
    ('1994234127317', 'University of Piraeus', '8'),
    ('1994234127317', 'National and Kapodistrian University of Athens', '16'),
    ('1994234127317', 'University of West Attica', '5'),
    ('4057018444199', 'University of West Attica', '9'),
    ('4057018444199', 'University of Piraeus', '14'),
    ('4239967513632', 'National and Kapodistrian University of Athens', '10'),
    ('4239967513632', 'University of Piraeus', '15'),
    ('4239967513632', 'Athens University of Economics and Business', '14'),
    ('4239967513632', 'University of West Attica', '6'),
    ('4239967513632', 'University of Crete', '16'),
    ('4239967513632', 'Aristotle University of Thessaloniki', '7'),
    ('4239967513632', 'University Of Patras', '15'),
    ('4239967513632', 'National Technical University of Athens', '6'),
    ('2355861097947', 'University of Piraeus', '7'),
    ('2355861097947', 'University Of Patras', '6'),
    ('2355861097947', 'National Technical University of Athens', '3'),
    ('2355861097947', 'University of Crete', '9'),
    ('2355861097947', 'National and Kapodistrian University of Athens', '12'),
    ('2355861097947', 'Athens University of Economics and Business', '8'),
    ('3865150664028', 'University Of Patras', '14'),
    ('3865150664028', 'University of West Attica', '3'),
    ('3865150664028', 'Aristotle University of Thessaloniki', '15'),
    ('3865150664028', 'National and Kapodistrian University of Athens', '8'),
    ('3865150664028', 'National Technical University of Athens', '8'),
    ('3865150664028', 'University of Crete', '1'),
    ('3865150664028', 'University of Piraeus', '6'),
    ('3865150664028', 'Athens University of Economics and Business', '5'),
    ('1986593728083', 'University of West Attica', '5'),
    ('0118948036792', 'National Technical University of Athens', '8'),
    ('0118948036792', 'University of Piraeus', '14'),
    ('0118948036792', 'University of Crete', '9'),
    ('7455434949466', 'Aristotle University of Thessaloniki', '11'),
    ('7455434949466', 'University of Crete', '14'),
    ('2059020598128', 'National Technical University of Athens', '12'),
    ('2059020598128', 'University of West Attica', '14'),
    ('7929654996624', 'National and Kapodistrian University of Athens', '1'),
    ('7929654996624', 'Aristotle University of Thessaloniki', '8'),
    ('7929654996624', 'University Of Patras', '7'),
    ('7929654996624', 'Athens University of Economics and Business', '8'),
    ('3049280403205', 'University of Crete', '12'),
    ('3049280403205', 'National and Kapodistrian University of Athens', '7'),
    ('3049280403205', 'University Of Patras', '6'),
    ('3049280403205', 'Aristotle University of Thessaloniki', '5'),
    ('4232560712401', 'University Of Patras', '1'),
    ('4232560712401', 'Aristotle University of Thessaloniki', '11'),
    ('4232560712401', 'National and Kapodistrian University of Athens', '11'),
    ('8143923864548', 'University Of Patras', '12'),
    ('9735655778972', 'University of Piraeus', '14'),
    ('1035568454704', 'University of Crete', '4'),
    ('1035568454704', 'National Technical University of Athens', '6'),
    ('1035568454704', 'Athens University of Economics and Business', '4'),
    ('0607767855798', 'University Of Patras', '4'),
    ('0607767855798', 'University of Piraeus', '2'),
    ('0607767855798', 'University of Crete', '1'),
    ('0607767855798', 'National and Kapodistrian University of Athens', '5'),
    ('0607767855798', 'University of West Attica', '13'),
    ('0607767855798', 'Aristotle University of Thessaloniki', '2'),
    ('0607767855798', 'Athens University of Economics and Business', '8'),
    ('0607767855798', 'National Technical University of Athens', '9'),
    ('7842844479253', 'University of Piraeus', '14'),
    ('0615455261025', 'National Technical University of Athens', '12'),
    ('0615455261025', 'University of Piraeus', '7'),
    ('0615455261025', 'Athens University of Economics and Business', '16'),
    ('0615455261025', 'National and Kapodistrian University of Athens', '16'),
    ('0615455261025', 'University Of Patras', '16'),
    ('6601770458594', 'National and Kapodistrian University of Athens', '11'),
    ('6601770458594', 'Aristotle University of Thessaloniki', '16'),
    ('6601770458594', 'National Technical University of Athens', '3'),
    ('4318107296549', 'University of West Attica', '11'),
    ('4318107296549', 'University of Crete', '16'),
    ('4318107296549', 'National and Kapodistrian University of Athens', '4'),
    ('4318107296549', 'National Technical University of Athens', '2'),
    ('4318107296549', 'University of Piraeus', '9'),
    ('4318107296549', 'Athens University of Economics and Business', '3'),
    ('4318107296549', 'University Of Patras', '8'),
    ('7785822764057', 'National and Kapodistrian University of Athens', '12'),
    ('7785822764057', 'National Technical University of Athens', '1'),
    ('7785822764057', 'University of West Attica', '6'),
    ('7785822764057', 'University of Crete', '15'),
    ('2455289218316', 'University of Crete', '3'),
    ('2455289218316', 'University of Piraeus', '2'),
    ('2455289218316', 'National Technical University of Athens', '15'),
    ('2455289218316', 'University of West Attica', '10'),
    ('2455289218316', 'National and Kapodistrian University of Athens', '14'),
    ('2455289218316', 'Aristotle University of Thessaloniki', '16'),
    ('1885708849922', 'National and Kapodistrian University of Athens', '12'),
    ('1885708849922', 'University of Crete', '3'),
    ('1885708849922', 'University of Piraeus', '4'),
    ('1885708849922', 'University Of Patras', '2'),
    ('4901639185169', 'University of West Attica', '16'),
    ('4901639185169', 'National Technical University of Athens', '10'),
    ('4901639185169', 'University Of Patras', '14'),
    ('4901639185169', 'Athens University of Economics and Business', '5'),
    ('4901639185169', 'National and Kapodistrian University of Athens', '12'),
    ('4901639185169', 'Aristotle University of Thessaloniki', '14'),
    ('7754122461229', 'University Of Patras', '9'),
    ('8400187182819', 'University Of Patras', '1'),
    ('8400187182819', 'University of Crete', '12'),
    ('8400187182819', 'University of West Attica', '1'),
    ('5295441734164', 'University Of Patras', '12'),
    ('7130903008485', 'University of West Attica', '12'),
    ('6636535502087', 'National and Kapodistrian University of Athens', '2'),
    ('6636535502087', 'National Technical University of Athens', '1'),
    ('6636535502087', 'Athens University of Economics and Business', '14'),
    ('6636535502087', 'University of Piraeus', '5'),
    ('6636535502087', 'Aristotle University of Thessaloniki', '16'),
    ('0951886225847', 'National and Kapodistrian University of Athens', '14'),
    ('0951886225847', 'Athens University of Economics and Business', '2'),
    ('3165932561200', 'University of Crete', '3'),
    ('3165932561200', 'University Of Patras', '7'),
    ('3165932561200', 'University of Piraeus', '14'),
    ('3165932561200', 'Aristotle University of Thessaloniki', '1'),
    ('5925908479390', 'Athens University of Economics and Business', '8'),
    ('5925908479390', 'National and Kapodistrian University of Athens', '12'),
    ('5925908479390', 'National Technical University of Athens', '9'),
    ('5925908479390', 'University Of Patras', '8'),
    ('3145348281555', 'Aristotle University of Thessaloniki', '14'),
    ('3145348281555', 'National Technical University of Athens', '11'),
    ('3145348281555', 'University of Crete', '2'),
    ('0351210912665', 'University of Crete', '2'),
    ('0351210912665', 'University of West Attica', '7'),
    ('9772114077409', 'National Technical University of Athens', '4'),
    ('9772114077409', 'University of Crete', '7'),
    ('9772114077409', 'University Of Patras', '10'),
    ('2797946466204', 'University of Piraeus', '11'),
    ('2797946466204', 'University of West Attica', '13'),
    ('2797946466204', 'University Of Patras', '10'),
    ('2797946466204', 'Aristotle University of Thessaloniki', '2'),
    ('2797946466204', 'University of Crete', '13'),
    ('2797946466204', 'National Technical University of Athens', '6'),
    ('6855086706983', 'Aristotle University of Thessaloniki', '2'),
    ('7763464369767', 'University of Piraeus', '11'),
    ('7763464369767', 'National Technical University of Athens', '10'),
    ('7763464369767', 'Aristotle University of Thessaloniki', '2'),
    ('7763464369767', 'University Of Patras', '15'),
    ('6988976962421', 'National Technical University of Athens', '1'),
    ('6988976962421', 'University of Piraeus', '3'),
    ('6988976962421', 'University of Crete', '10'),
    ('6988976962421', 'National and Kapodistrian University of Athens', '16'),
    ('6988976962421', 'University of West Attica', '13'),
    ('6988976962421', 'Athens University of Economics and Business', '13'),
    ('6988976962421', 'University Of Patras', '15'),
    ('6988976962421', 'Aristotle University of Thessaloniki', '8'),
    ('3499953164668', 'University Of Patras', '2'),
    ('3499953164668', 'University of Crete', '2'),
    ('9163288448782', 'University of West Attica', '16'),
    ('8957650504957', 'Aristotle University of Thessaloniki', '12'),
    ('8957650504957', 'University Of Patras', '11'),
    ('8957650504957', 'Athens University of Economics and Business', '1'),
    ('8957650504957', 'National and Kapodistrian University of Athens', '12'),
    ('8957650504957', 'National Technical University of Athens', '5'),
    ('8957650504957', 'University of Piraeus', '3'),
    ('8957650504957', 'University of West Attica', '10'),
    ('0698634932652', 'National and Kapodistrian University of Athens', '14'),
    ('0698634932652', 'University of Piraeus', '9'),
    ('0698634932652', 'National Technical University of Athens', '2'),
    ('0698634932652', 'Athens University of Economics and Business', '10'),
    ('3103876025114', 'Athens University of Economics and Business', '12'),
    ('3103876025114', 'University of Crete', '7'),
    ('3103876025114', 'Aristotle University of Thessaloniki', '16'),
    ('3103876025114', 'University of Piraeus', '6'),
    ('3103876025114', 'National Technical University of Athens', '3'),
    ('4123838329190', 'National and Kapodistrian University of Athens', '14'),
    ('4123838329190', 'Athens University of Economics and Business', '4'),
    ('4123838329190', 'Aristotle University of Thessaloniki', '12'),
    ('4123838329190', 'University Of Patras', '15'),
    ('4123838329190', 'University of Crete', '3'),
    ('4123838329190', 'University of West Attica', '6'),
    ('4123838329190', 'University of Piraeus', '8'),
    ('9459721671168', 'National and Kapodistrian University of Athens', '12'),
    ('9459721671168', 'University of Piraeus', '3'),
    ('9459721671168', 'University of West Attica', '9'),
    ('9459721671168', 'University of Crete', '13'),
    ('9459721671168', 'Athens University of Economics and Business', '1'),
    ('9459721671168', 'Aristotle University of Thessaloniki', '10'),
    ('9459721671168', 'University Of Patras', '15'),
    ('9459721671168', 'National Technical University of Athens', '13'),
    ('5851714537860', 'University of Piraeus', '1'),
    ('5851714537860', 'National and Kapodistrian University of Athens', '15'),
    ('5851714537860', 'University of West Attica', '10'),
    ('5851714537860', 'Athens University of Economics and Business', '11'),
    ('5851714537860', 'University Of Patras', '6'),
    ('5851714537860', 'National Technical University of Athens', '1'),
    ('5851714537860', 'Aristotle University of Thessaloniki', '5'),
    ('7773573649293', 'Aristotle University of Thessaloniki', '2'),
    ('7773573649293', 'National and Kapodistrian University of Athens', '8'),
    ('7773573649293', 'National Technical University of Athens', '6'),
    ('7773573649293', 'University of Piraeus', '11'),
    ('7773573649293', 'University of Crete', '9'),
    ('3828193183261', 'University of Piraeus', '2'),
    ('3828193183261', 'University Of Patras', '3'),
    ('3828193183261', 'Athens University of Economics and Business', '12'),
    ('9764123279792', 'Aristotle University of Thessaloniki', '6'),
    ('9764123279792', 'Athens University of Economics and Business', '11'),
    ('9764123279792', 'University of West Attica', '1'),
    ('9764123279792', 'National Technical University of Athens', '7'),
    ('9764123279792', 'National and Kapodistrian University of Athens', '5'),
    ('9764123279792', 'University Of Patras', '8'),
    ('2023738020453', 'Aristotle University of Thessaloniki', '4'),
    ('2023738020453', 'University Of Patras', '7'),
    ('3786175544300', 'University of West Attica', '9'),
    ('3786175544300', 'Athens University of Economics and Business', '13'),
    ('3786175544300', 'University of Piraeus', '11'),
    ('3786175544300', 'National and Kapodistrian University of Athens', '7'),
    ('3786175544300', 'Aristotle University of Thessaloniki', '8'),
    ('3786175544300', 'National Technical University of Athens', '2'),
    ('8000735528110', 'Athens University of Economics and Business', '16'),
    ('2559741752740', 'Athens University of Economics and Business', '5'),
    ('2559741752740', 'University of Piraeus', '7'),
    ('2559741752740', 'National and Kapodistrian University of Athens', '1'),
    ('2559741752740', 'University of Crete', '8'),
    ('2559741752740', 'National Technical University of Athens', '5'),
    ('2559741752740', 'University of West Attica', '10'),
    ('4820249400983', 'University of Crete', '14'),
    ('1369937849557', 'National Technical University of Athens', '4'),
    ('1369937849557', 'National and Kapodistrian University of Athens', '4'),
    ('1369937849557', 'University of West Attica', '16'),
    ('7694061207258', 'Athens University of Economics and Business', '6'),
    ('7694061207258', 'University of West Attica', '12'),
    ('7694061207258', 'University Of Patras', '5'),
    ('7694061207258', 'University of Piraeus', '16'),
    ('7694061207258', 'National Technical University of Athens', '13'),
    ('9094151848678', 'University of Piraeus', '3'),
    ('9094151848678', 'Aristotle University of Thessaloniki', '14'),
    ('9094151848678', 'Athens University of Economics and Business', '7'),
    ('9094151848678', 'National Technical University of Athens', '14'),
    ('9094151848678', 'University of West Attica', '4'),
    ('8176321427897', 'Aristotle University of Thessaloniki', '4'),
    ('8176321427897', 'National Technical University of Athens', '5'),
    ('8176321427897', 'University of West Attica', '14'),
    ('4452041391417', 'National Technical University of Athens', '3'),
    ('4452041391417', 'Aristotle University of Thessaloniki', '8'),
    ('4452041391417', 'University Of Patras', '13'),
    ('1639230900782', 'University of Piraeus', '5'),
    ('2786643184976', 'University of West Attica', '4'),
    ('2786643184976', 'University of Piraeus', '1'),
    ('2786643184976', 'Aristotle University of Thessaloniki', '2'),
    ('2786643184976', 'Athens University of Economics and Business', '11'),
    ('2786643184976', 'University of Crete', '9'),
    ('2786643184976', 'National and Kapodistrian University of Athens', '8'),
    ('7173641981214', 'Athens University of Economics and Business', '16'),
    ('7173641981214', 'University Of Patras', '6'),
    ('7173641981214', 'University of West Attica', '2'),
    ('3618190282844', 'University Of Patras', '8'),
    ('3618190282844', 'Aristotle University of Thessaloniki', '11'),
    ('3618190282844', 'University of Crete', '14'),
    ('3618190282844', 'National Technical University of Athens', '5'),
    ('3618190282844', 'University of West Attica', '15'),
    ('6183570198342', 'University Of Patras', '12'),
    ('6183570198342', 'National Technical University of Athens', '5'),
    ('6183570198342', 'Athens University of Economics and Business', '16'),
    ('2743865119315', 'University of West Attica', '14'),
    ('2743865119315', 'University Of Patras', '15'),
    ('2743865119315', 'University of Piraeus', '5'),
    ('2743865119315', 'National Technical University of Athens', '12'),
    ('2743865119315', 'Aristotle University of Thessaloniki', '3'),
    ('2743865119315', 'Athens University of Economics and Business', '4'),
    ('2743865119315', 'University of Crete', '11'),
    ('5631391566212', 'National and Kapodistrian University of Athens', '14'),
    ('5631391566212', 'University of West Attica', '13'),
    ('5631391566212', 'Athens University of Economics and Business', '6'),
    ('1778105262060', 'University Of Patras', '10'),
    ('1778105262060', 'National Technical University of Athens', '8'),
    ('1778105262060', 'University of West Attica', '2'),
    ('1778105262060', 'Athens University of Economics and Business', '4'),
    ('1778105262060', 'Aristotle University of Thessaloniki', '9'),
    ('1778105262060', 'University of Piraeus', '8'),
    ('1778105262060', 'University of Crete', '16'),
    ('0409308353857', 'University Of Patras', '15'),
    ('0409308353857', 'University of West Attica', '8'),
    ('0409308353857', 'University of Crete', '8'),
    ('0409308353857', 'Aristotle University of Thessaloniki', '14'),
    ('0409308353857', 'National and Kapodistrian University of Athens', '14'),
    ('5977507742366', 'University of Piraeus', '7'),
    ('5977507742366', 'National Technical University of Athens', '7'),
    ('5977507742366', 'University of Crete', '6'),
    ('5977507742366', 'National and Kapodistrian University of Athens', '2'),
    ('5977507742366', 'Aristotle University of Thessaloniki', '11'),
    ('5063755930743', 'University of West Attica', '8'),
    ('5063755930743', 'Aristotle University of Thessaloniki', '15'),
    ('5063755930743', 'National Technical University of Athens', '11'),
    ('6856160089488', 'University Of Patras', '7'),
    ('6570145339310', 'Aristotle University of Thessaloniki', '8'),
    ('6570145339310', 'National and Kapodistrian University of Athens', '4'),
    ('4946078861310', 'National and Kapodistrian University of Athens', '8'),
    ('4946078861310', 'Aristotle University of Thessaloniki', '3'),
    ('4946078861310', 'Athens University of Economics and Business', '8'),
    ('4946078861310', 'University of Piraeus', '9'),
    ('4946078861310', 'National Technical University of Athens', '2'),
    ('7209530315694', 'University of Crete', '16'),
    ('7209530315694', 'National Technical University of Athens', '14'),
    ('7209530315694', 'University of Piraeus', '3'),
    ('7209530315694', 'University of West Attica', '8'),
    ('9253229600691', 'University of West Attica', '7'),
    ('9253229600691', 'Aristotle University of Thessaloniki', '16'),
    ('9253229600691', 'University of Crete', '10'),
    ('9253229600691', 'Athens University of Economics and Business', '10'),
    ('5240621129375', 'University of Crete', '13'),
    ('5240621129375', 'National and Kapodistrian University of Athens', '5'),
    ('6957094576650', 'National Technical University of Athens', '14'),
    ('6957094576650', 'University of Piraeus', '12'),
    ('6957094576650', 'National and Kapodistrian University of Athens', '14'),
    ('6957094576650', 'University of West Attica', '4'),
    ('1374845594979', 'University of Piraeus', '4'),
    ('1374845594979', 'University of Crete', '2'),
    ('1374845594979', 'National and Kapodistrian University of Athens', '1'),
    ('1374845594979', 'National Technical University of Athens', '13'),
    ('1374845594979', 'University Of Patras', '6'),
    ('1374845594979', 'Athens University of Economics and Business', '13'),
    ('6840630237606', 'University of Crete', '15'),
    ('6200396333924', 'University of Crete', '1'),
    ('6200396333924', 'National Technical University of Athens', '5'),
    ('6200396333924', 'Athens University of Economics and Business', '3');

insert ignore into book_reservation (isbn, username, school_name, expiry_date)
values
    ('3049280403205', 'Victoria17', 'National and Kapodistrian University of Athens', '2023-05-25'),
    ('4123838329190', 'Garrick_Cummerata', 'University of Piraeus', '2023-05-25'),
    ('2295959500116', 'Joe29', 'National Technical University of Athens', '2023-05-21'),
    ('4901639185169', 'Arielle.Howe20', 'Aristotle University of Thessaloniki', '2023-05-26'),
    ('1301261172290', 'Efrain.Rempel63', 'University of West Attica', '2023-05-27'),
    ('6660788200121', 'Jonathan84', 'National and Kapodistrian University of Athens', '2023-05-22'),
    ('4662490834820', 'Marlin.Goodwin40', 'University of West Attica', '2023-05-18'),
    ('1974233524298', 'Zella_Jast31', 'Aristotle University of Thessaloniki', '2023-05-17'),
    ('2743865119315', 'Preston_Terry', 'University Of Patras', '2023-06-01'),
    ('7694061207258', 'student', 'National Technical University of Athens', '2023-05-31'),
    ('5977507742366', 'Lilla.Cummerata-Dickinson19', 'Aristotle University of Thessaloniki', '2023-05-16'),
    ('6090038854482', 'Westley29', 'University of Crete', '2023-06-02'),
    ('4191077984697', 'Kyla.Hermiston37', 'National Technical University of Athens', '2023-05-25'),
    ('9892487045527', 'Laurel37', 'National Technical University of Athens', '2023-05-23'),
    ('0150189364154', 'Devin13', 'University of Crete', '2023-06-04'),
    ('4123838329190', 'Chauncey_Cole44', 'University Of Patras', '2023-05-24'),
    ('3828193183261', 'Lurline30', 'University of Piraeus', '2023-06-01'),
    ('1986593728083', 'Efrain.Rempel63', 'University of West Attica', '2023-05-28'),
    ('4901639185169', 'Karl_Bernhard', 'University of West Attica', '2023-05-25'),
    ('4191077984697', 'Antonietta_Schaden3', 'National Technical University of Athens', '2023-06-02'),
    ('2786643184976', 'Jevon_Kautzer', 'Aristotle University of Thessaloniki', '2023-05-26'),
    ('6855086706983', 'Jevon_Kautzer', 'Aristotle University of Thessaloniki', '2023-05-28'),
    ('0409308353857', 'Nicholaus7', 'University of West Attica', '2023-05-31'),
    ('7773573649293', 'Joe29', 'National Technical University of Athens', '2023-05-25'),
    ('1885708849922', 'Chauncey_Cole44', 'University Of Patras', '2023-05-30'),
    ('9764123279792', 'Vita_Rippin', 'National and Kapodistrian University of Athens', '2023-05-26'),
    ('3049524474031', 'Jules_Harris38', 'Aristotle University of Thessaloniki', '2023-05-24'),
    ('0223507660470', 'Victor61', 'University of Crete', '2023-05-24'),
    ('3828193183261', 'Ignacio_Frami', 'University Of Patras', '2023-05-19'),
    ('3934524324208', 'Nicholaus7', 'University of West Attica', '2023-06-03'),
    ('6988976962421', 'Lurline30', 'University of Piraeus', '2023-05-25'),
    ('1994234127317', 'Dillon_DAmore42', 'University of West Attica', '2023-06-01'),
    ('6660788200121', 'Dillon.Block99', 'University of Piraeus', '2023-05-29'),
    ('3049524474031', 'teacher', 'National Technical University of Athens', '2023-06-03'),
    ('6957094576650', 'Victoria17', 'National and Kapodistrian University of Athens', '2023-06-04'),
    ('6060641681411', 'Emmanuel38', 'University Of Patras', '2023-05-23'),
    ('1243330864984', 'Reginald.Roberts56', 'University of West Attica', '2023-05-28'),
    ('4901639185169', 'Tracey32', 'University of West Attica', '2023-05-26'),
    ('6464439881658', 'Kyla.Hermiston37', 'National Technical University of Athens', '2023-05-19'),
    ('4449926030403', 'Retha21', 'University of West Attica', '2023-05-31'),
    ('1994234127317', 'Jaren.Block34', 'Athens University of Economics and Business', '2023-05-28'),
    ('2455289218316', 'Laurel37', 'National Technical University of Athens', '2023-05-21'),
    ('8176321427897', 'Cindy_Hilpert73', 'National Technical University of Athens', '2023-06-03'),
    ('1110592266106', 'Marquis70', 'University of Crete', '2023-05-31'),
    ('2295959500116', 'Mortimer15', 'National and Kapodistrian University of Athens', '2023-05-24'),
    ('8957650504957', 'Carlie92', 'Athens University of Economics and Business', '2023-05-19'),
    ('2743865119315', 'Westley29', 'University of Crete', '2023-05-17'),
    ('5977507742366', 'Devin13', 'University of Crete', '2023-05-21'),
    ('3786175544300', 'Zella_Jast31', 'Aristotle University of Thessaloniki', '2023-06-02'),
    ('1994234127317', 'Jules_Harris38', 'Aristotle University of Thessaloniki', '2023-06-02');

insert ignore into book_borrowing_active (isbn, username, operator_approver, school_name, borrowing_date, due_date)
values
    ('1778105262060', 'Dillon_DAmore42', 'Dariana_Roberts13', 'University of West Attica', '2023-03-17', '2023-06-12'),
    ('0607767855798', 'Micheal.Stehr11', 'Toy_Johnston', 'National and Kapodistrian University of Athens', '2023-05-07', '2023-06-24'),
    ('1369937849557', 'Mortimer15', 'Toy_Johnston', 'National and Kapodistrian University of Athens', '2023-05-13', '2023-06-16'),
    ('0615455261025', 'Cristobal.Willms30', 'Matilde.Crona', 'University Of Patras', '2023-05-15', '2023-06-10'),
    ('2305108808553', 'student', 'operator', 'National Technical University of Athens', '2023-04-24', '2023-06-20'),
    ('4123838329190', 'Arielle.Howe20', 'Arjun.Reichel', 'Aristotle University of Thessaloniki', '2023-04-09', '2023-06-23'),
    ('7763464369767', 'Reyna_Stroman70', 'Arjun.Reichel', 'Aristotle University of Thessaloniki', '2023-03-23', '2023-06-05'),
    ('3125788009931', 'Khalid92', 'operator', 'National Technical University of Athens', '2023-03-23', '2023-06-21'),
    ('5925908479390', 'Hildegard.Wolff57', 'Toy_Johnston', 'National and Kapodistrian University of Athens', '2023-05-01', '2023-06-09'),
    ('2574071976554', 'Antonietta_Schaden3', 'operator', 'National Technical University of Athens', '2023-05-07', '2023-06-14'),
    ('1860408007193', 'Reyna_Stroman70', 'Arjun.Reichel', 'Aristotle University of Thessaloniki', '2023-05-25', '2023-06-07'),
    ('0607767855798', 'Cristobal.Willms30', 'Matilde.Crona', 'University Of Patras', '2023-05-25', '2023-06-15'),
    ('9459721671168', 'Jenifer.OConnell21', 'operator', 'National Technical University of Athens', '2023-04-14', '2023-06-14'),
    ('1994234127317', 'Jewell_Schulist87', 'Arjun.Reichel', 'Aristotle University of Thessaloniki', '2023-04-04', '2023-06-19'),
    ('4662490834820', 'Salvador47', 'Arjun.Reichel', 'Aristotle University of Thessaloniki', '2023-06-02', '2023-06-20'),
    ('2455289218316', 'Tracey32', 'Dariana_Roberts13', 'University of West Attica', '2023-04-09', '2023-06-07'),
    ('6855086706983', 'Jewell_Schulist87', 'Arjun.Reichel', 'Aristotle University of Thessaloniki', '2023-04-10', '2023-06-19'),
    ('6464439881658', 'Victor61', 'Lydia86', 'University of Crete', '2023-05-30', '2023-06-18'),
    ('4452041391417', 'Cameron_Lehner31', 'Arjun.Reichel', 'Aristotle University of Thessaloniki', '2023-04-08', '2023-06-07'),
    ('7785822764057', 'Khalid92', 'operator', 'National Technical University of Athens', '2023-04-10', '2023-06-14'),
    ('3103876025114', 'Pedro.Stroman', 'operator', 'National Technical University of Athens', '2023-04-26', '2023-06-11'),
    ('9163288448782', 'Retha21', 'Dariana_Roberts13', 'University of West Attica', '2023-04-16', '2023-06-18'),
    ('3786175544300', 'Cameron_Lehner31', 'Arjun.Reichel', 'Aristotle University of Thessaloniki', '2023-04-21', '2023-06-21'),
    ('5063755930743', 'Elenora.Rohan', 'Arjun.Reichel', 'Aristotle University of Thessaloniki', '2023-03-17', '2023-06-23'),
    ('2295959500116', 'Daisy_Keebler', 'Arjun.Reichel', 'Aristotle University of Thessaloniki', '2023-05-05', '2023-06-14'),
    ('5159818167511', 'Hildegard.Wolff57', 'Toy_Johnston', 'National and Kapodistrian University of Athens', '2023-05-06', '2023-06-21'),
    ('3499953164668', 'Kimberly.Torp', 'Matilde.Crona', 'University Of Patras', '2023-04-21', '2023-06-09'),
    ('6570145339310', 'Vita_Rippin', 'Toy_Johnston', 'National and Kapodistrian University of Athens', '2023-03-23', '2023-06-13'),
    ('1023289217588', 'Kimberly.Torp', 'Matilde.Crona', 'University Of Patras', '2023-04-03', '2023-06-23');

insert ignore into book_borrowing_ended (isbn, username, operator_approver, school_name, borrowing_date)
values
    ('2743865119315', 'Nicholaus7', 'Dariana_Roberts13', 'University of West Attica', '2023-03-27'),
    ('7694061207258', 'Antonietta_Schaden3', 'operator', 'National Technical University of Athens', '2023-04-04'),
    ('3865150664028', 'Reyna_Stroman70', 'Arjun.Reichel', 'Aristotle University of Thessaloniki', '2023-04-27'),
    ('9459721671168', 'Jevon_Kautzer', 'Arjun.Reichel', 'Aristotle University of Thessaloniki', '2023-05-25'),
    ('2305108808553', 'Reyna_Stroman70', 'Arjun.Reichel', 'Aristotle University of Thessaloniki', '2023-04-02'),
    ('3145348281555', 'Salvador47', 'Arjun.Reichel', 'Aristotle University of Thessaloniki', '2023-04-10'),
    ('9459721671168', 'Elenora.Rohan', 'Arjun.Reichel', 'Aristotle University of Thessaloniki', '2023-03-21'),
    ('7763464369767', 'Jewell_Schulist87', 'Arjun.Reichel', 'Aristotle University of Thessaloniki', '2023-05-04'),
    ('4662490834820', 'Tracey32', 'Dariana_Roberts13', 'University of West Attica', '2023-04-18'),
    ('4123838329190', 'Tracey32', 'Dariana_Roberts13', 'University of West Attica', '2023-05-17'),
    ('6708196761943', 'Devin13', 'Lydia86', 'University of Crete', '2023-04-15'),
    ('1023289217588', 'Cristobal.Willms30', 'Matilde.Crona', 'University Of Patras', '2023-04-25'),
    ('6464439881658', 'Karl_Bernhard', 'Dariana_Roberts13', 'University of West Attica', '2023-05-11'),
    ('1860408007193', 'Marquis70', 'Lydia86', 'University of Crete', '2023-04-02'),
    ('7694061207258', 'Ignacio_Frami', 'Matilde.Crona', 'University Of Patras', '2023-04-27'),
    ('1885708849922', 'Victor61', 'Lydia86', 'University of Crete', '2023-05-16'),
    ('1035568454704', 'Rocio10', 'operator', 'National Technical University of Athens', '2023-05-06'),
    ('1110592266106', 'Lilla.Cummerata-Dickinson19', 'Arjun.Reichel', 'Aristotle University of Thessaloniki', '2023-04-18'),
    ('0409308353857', 'Daisy_Keebler', 'Arjun.Reichel', 'Aristotle University of Thessaloniki', '2023-04-05'),
    ('6060641681411', 'Salvador47', 'Arjun.Reichel', 'Aristotle University of Thessaloniki', '2023-04-14'),
    ('2455289218316', 'Marquis70', 'Lydia86', 'University of Crete', '2023-04-15'),
    ('6060641681411', 'Tracey32', 'Dariana_Roberts13', 'University of West Attica', '2023-04-20'),
    ('8400187182819', 'Nicholaus7', 'Dariana_Roberts13', 'University of West Attica', '2023-06-02'),
    ('2797946466204', 'Antonietta_Schaden3', 'operator', 'National Technical University of Athens', '2023-05-11'),
    ('1860408007193', 'Salvador47', 'Arjun.Reichel', 'Aristotle University of Thessaloniki', '2023-05-28'),
    ('2355861097947', 'Cindy_Hilpert73', 'operator', 'National Technical University of Athens', '2023-05-30'),
    ('6708196761943', 'Salvador47', 'Arjun.Reichel', 'Aristotle University of Thessaloniki', '2023-04-02'),
    ('9764123279792', 'Marlin.Goodwin40', 'Dariana_Roberts13', 'University of West Attica', '2023-05-31'),
    ('3145348281555', 'Daisy_Keebler', 'Arjun.Reichel', 'Aristotle University of Thessaloniki', '2023-04-09'),
    ('7209530315694', 'Jenifer.OConnell21', 'operator', 'National Technical University of Athens', '2023-05-12');

insert ignore into book_review (isbn, username, text, likert_rating)
values
    ('7455434949466', 'Reyna_Stroman70', 'Non placeat nihil repellendus eius saepe. Maxime animi ullam in similique non expedita. Ad consequuntur repudiandae doloribus iste minus accusantium delectus.', '1'),
    ('4057018444199', 'Reginald.Roberts56', 'Neque tenetur velit animi ducimus eos neque quia corrupti. Architecto corporis harum iste consequuntur provident ullam. Assumenda eaque esse esse perferendis dolorum numquam.', '3'),
    ('4318107296549', 'teacher', 'Voluptas soluta voluptas nobis commodi. Ullam est perspiciatis. Corrupti beatae veniam perferendis alias porro quos iure.', '4'),
    ('3786175544300', 'Noe95', 'Officiis reprehenderit numquam provident voluptas. Nihil omnis ad libero officia maxime. Sequi provident velit illo.', '1'),
    ('5063755930743', 'Westley29', 'Qui modi dolore consequatur veniam voluptatem alias. Eum temporibus incidunt commodi sequi itaque itaque mollitia officiis aperiam. Quidem ab reiciendis odit debitis.', '2'),
    ('3165932561200', 'Pedro.Stroman', 'Vel necessitatibus praesentium deleniti perferendis ab aliquid iure cum. Alias reprehenderit asperiores. Corporis soluta molestias.', '2'),
    ('8143923864548', 'Pedro.Stroman', 'Dolores ratione facilis occaecati voluptas iure. Corrupti magnam dolor nesciunt nostrum. Tempore explicabo non nesciunt modi voluptate distinctio aspernatur rem.', '1'),
    ('0975111691742', 'Salvador47', 'Autem autem nihil laboriosam dolor officiis nisi nostrum. Quam temporibus autem necessitatibus maiores harum repudiandae laudantium. Occaecati quos sequi distinctio non.', '1'),
    ('6856160089488', 'Pedro.Stroman', 'Quaerat sint voluptatem consectetur aperiam rem qui. Odio temporibus quis nulla sed corporis id quibusdam delectus ullam. Quidem vel nam deserunt sint nobis voluptates sint quae.', '4'),
    ('3934524324208', 'Victor61', 'In culpa deleniti quo nemo est natus distinctio sequi. Porro nihil cum debitis at nostrum ad laborum. Dolores nobis ipsa ipsam aperiam.', '5'),
    ('9163288448782', 'Jules_Harris38', 'Doloremque harum vitae sequi ducimus rerum. Animi debitis ex tempora eligendi voluptatem sunt. Minima magni animi.', '3'),
    ('0223507660470', 'Victoria17', 'Aliquid dolores cupiditate alias numquam odit vitae quaerat exercitationem quos. Magni facilis ad officia sunt saepe voluptatibus. Culpa culpa earum amet laborum.', '3'),
    ('1243330864984', 'Lurline30', 'Cupiditate perspiciatis aperiam. Aut harum culpa quas architecto sint explicabo. Error facere exercitationem dolorem recusandae enim sit.', '1'),
    ('9253229600691', 'Lurline30', 'Veritatis voluptates cumque ad magni harum suscipit sequi. Asperiores aspernatur eius eaque cupiditate. Magni quibusdam cum architecto id.', '2'),
    ('2059020598128', 'Salvador47', 'Non officiis laboriosam quia aliquid. Quam distinctio iure voluptatibus iure officiis. Distinctio earum natus magni inventore rerum error nisi.', '5'),
    ('5159818167511', 'Dillon_DAmore42', 'Labore dolores quia praesentium laboriosam. Officia commodi culpa eum. Amet illum cupiditate vel optio adipisci dolores nihil.', '2'),
    ('7455434949466', 'Marlin.Goodwin40', 'Sit velit repudiandae cupiditate molestias voluptate quod molestias facilis. Officiis earum aliquid placeat. Odio animi reiciendis nihil maxime ipsum pariatur.', '1'),
    ('6660788200121', 'Karl_Bernhard', 'Adipisci sit similique asperiores ut asperiores eveniet. Odio adipisci magni fugit. Amet veritatis eius vel odio nobis.', '2'),
    ('2559741752740', 'Jaren.Block34', 'Excepturi voluptas reprehenderit occaecati blanditiis ea eum odio. Tenetur repellendus itaque nostrum aperiam modi. Nihil molestiae aliquid aut adipisci magnam delectus praesentium aspernatur.', '1'),
    ('4946078861310', 'Jewell_Schulist87', 'Molestiae animi soluta repellat ducimus. Occaecati deleniti nihil. Nemo perferendis sed.', '1'),
    ('7754122461229', 'Marlin.Goodwin40', 'Voluptatum iure eveniet doloremque asperiores accusantium perferendis. Doloribus consequatur saepe unde hic inventore a. Sint sed consectetur voluptatibus provident laborum soluta.', '3'),
    ('0615455261025', 'Dillon.Block99', 'Assumenda voluptatem corrupti repudiandae. Alias ullam sapiente dolores itaque hic officiis error vero quibusdam. Harum blanditiis deleniti dolorum voluptatibus non nemo.', '3'),
    ('2355861097947', 'Victoria17', 'Delectus nesciunt blanditiis minima doloremque quam. Occaecati enim nemo facilis consequuntur quaerat delectus voluptatibus alias quaerat. Repellendus facilis delectus maiores harum corporis.', '1'),
    ('4239967513632', 'Chauncey_Cole44', 'Totam sequi nisi laudantium earum nihil non adipisci qui voluptate. Provident odio beatae doloribus repudiandae corrupti facilis unde sint voluptatibus. Facilis inventore cupiditate tempora.', '1'),
    ('6856160089488', 'Rocio10', 'Adipisci repellendus molestias eos illum soluta qui quam. Occaecati officia molestias beatae. Rerum accusamus aperiam distinctio rerum quia dolorem fugiat quam.', '4'),
    ('9094151848678', 'Jules_Harris38', 'Velit facere possimus rem. Rem tempora maxime tempore ipsa. Velit expedita id quaerat blanditiis nihil.', '1'),
    ('2797946466204', 'Marlin.Goodwin40', 'Sed laudantium eos exercitationem ab. Quidem harum id. Facilis ea hic alias quas adipisci accusantium ratione consequatur.', '2'),
    ('4449926030403', 'Hildegard.Wolff57', 'Cumque earum natus consequatur placeat optio. Laudantium vel repellendus sed deleniti ipsum. Minima minima incidunt laboriosam nemo adipisci accusantium vel eveniet delectus.', '3'),
    ('0607767855798', 'Mortimer15', 'Dolore doloremque nobis possimus quam quos. Ex adipisci accusamus. Necessitatibus debitis illo nulla inventore sequi beatae illo.', '2'),
    ('2059020598128', 'Ignacio_Frami', 'Minima illo nisi facilis velit dolore nisi vel nobis perferendis. Cum sit neque exercitationem voluptates quibusdam exercitationem quidem voluptates. Corrupti magnam sapiente doloribus fugit sed minima labore odio eligendi.', '5');

insert ignore into book_review_pending_approval (isbn, username, text, likert_rating)
values
    ('3165932561200', 'student', 'Commodi unde eaque tempore. Autem modi laboriosam quidem officiis culpa laudantium libero. Occaecati maxime odio.', '2'),
    ('2743865119315', 'Elenora.Rohan', 'Veniam fuga atque magni non modi nesciunt. Officiis occaecati assumenda. Quasi animi possimus dolorum voluptatum corrupti laboriosam.', '5'),
    ('2023738020453', 'Garrick_Cummerata', 'Quia architecto quisquam voluptate aperiam voluptate. Commodi adipisci debitis non ut. Placeat excepturi cupiditate commodi aliquid consequatur sed.', '5'),
    ('2059020598128', 'Karl_Bernhard', 'Eum id repellendus blanditiis doloremque. In recusandae quo minus voluptatem mollitia quidem beatae odio reiciendis. Dolore facilis quasi tempora provident velit ipsam.', '1'),
    ('5106947482236', 'Khalid92', 'A omnis maiores reiciendis voluptates nulla eius. Consequatur ea laudantium enim quia quisquam iste. Ipsam odit ducimus explicabo iusto eius facilis.', '4'),
    ('6464439881658', 'Noe95', 'Dicta voluptatem expedita non cumque. Minima nobis adipisci. At porro corrupti fugiat animi impedit aperiam.', '4'),
    ('0409308353857', 'Vita_Rippin', 'Officia dolore qui ut laboriosam iste praesentium. Commodi reiciendis a maxime hic amet accusamus. Qui aperiam quo fugit eveniet in odio ullam veniam sunt.', '3'),
    ('6636535502087', 'Karl_Bernhard', 'Aut voluptate incidunt maxime hic. Aspernatur tempore provident dignissimos cupiditate ullam reiciendis. Facere hic qui repellat ad suscipit odit deserunt quae.', '1'),
    ('6601770458594', 'Joe29', 'Magnam quas sed. Reprehenderit tenetur nemo sit aliquid. Soluta hic odit dolor temporibus nemo porro soluta placeat nobis.', '4'),
    ('7785822764057', 'Lurline30', 'Quia perspiciatis animi. Repudiandae maiores impedit quis voluptate. Autem et placeat a laboriosam fuga distinctio perspiciatis beatae labore.', '4'),
    ('1374845594979', 'Khalid92', 'Facilis magni itaque. Aliquid impedit accusamus non at fugit veritatis aperiam tempora. Dolore porro necessitatibus sapiente repudiandae.', '4'),
    ('5295441734164', 'Hildegard.Wolff57', 'Nobis libero quam earum vel corrupti nihil fugiat odio. Fugiat nostrum provident cupiditate sit sunt vitae amet. Enim vel enim sapiente eius quis repellat fugiat.', '1'),
    ('6855086706983', 'Karl_Bernhard', 'Fugit recusandae nobis est incidunt est quae in quibusdam neque. Dolores sed possimus. Ut rerum voluptatibus distinctio laudantium sunt quis eum aperiam deleniti.', '3'),
    ('1110592266106', 'Marquis70', 'Facere non distinctio tenetur sed autem quo illum architecto exercitationem. Voluptates qui voluptates ducimus. Animi ratione eos nostrum sapiente provident sint.', '2'),
    ('5925908479390', 'Jewell_Schulist87', 'Debitis sint earum. Odit dicta aperiam quo molestias assumenda doloribus rerum quod. Similique atque dolores.', '1');

