use slms;

insert into school (name, street_name, street_number, postal_code, city, principal_first_name, principal_last_name)
values
    ('National Technical University of Athens', 'Moore Meadows', '9022', '73475', 'Reynoldsboro', 'Amber', 'Simonis'),
    ('Athens University of Economics and Business', 'Britney Ramp', '3834', '76953', 'Gardena', 'Margret', 'Green'),
    ('University of Piraeus', 'Grayson Meadows', '4316', '63826', 'Pacochaville', 'Demetris', 'Simonis'),
    ('University of West Attica', 'Herminio Course', '4868', '13622', 'Langoshside', 'Jamaal', 'Muller'),
    ('National and Kapodistrian University of Athens', 'Arvid Village', '4769', '14517', 'Jamelview', 'Marcos', 'Kessler'),
    ('Aristotle University of Thessaloniki', 'Earl Summit', '530', '13911', 'Dominicfield', 'Lila', 'Rempel'),
    ('University Of Patras', 'Carrie Oval', '8799', '52072', 'Fort Tiarafort', 'Kelli', 'Wisozk'),
    ('University of Crete', 'Gutmann Pine', '2327', '16363', 'South Michel', 'Lucile', 'Emmerich');

insert into school_email_address (address, school_name)
values
    ('Roderick.Ortiz@yahoo.com', 'University of Crete'),
    ('Verlie.Emmerich@gmail.com', 'Athens University of Economics and Business'),
    ('Bartholome_Steuber@gmail.com', 'University of Crete'),
    ('Brady17@yahoo.com', 'University of Crete'),
    ('Felicity.Carter66@gmail.com', 'National and Kapodistrian University of Athens'),
    ('Hilario.Rippin27@gmail.com', 'Athens University of Economics and Business'),
    ('Carmela37@gmail.com', 'University of Piraeus'),
    ('Dangelo.Schuster@gmail.com', 'University of Crete'),
    ('Parker67@hotmail.com', 'University of Piraeus'),
    ('Khalid38@gmail.com', 'University Of Patras'),
    ('Christiana_Krajcik77@hotmail.com', 'Athens University of Economics and Business'),
    ('Eddie.Douglas50@gmail.com', 'National and Kapodistrian University of Athens'),
    ('Demetrius.Jacobi93@yahoo.com', 'National and Kapodistrian University of Athens'),
    ('Gail.Schuster79@hotmail.com', 'University Of Patras'),
    ('Summer.Rippin34@gmail.com', 'Athens University of Economics and Business'),
    ('Nick31@gmail.com', 'University Of Patras');

insert into school_phone_number (number, school_name)
values
    ('1574133813', 'University of Piraeus'),
    ('2144374187', 'University of West Attica'),
    ('1775605645', 'University of Crete'),
    ('9228589937', 'Aristotle University of Thessaloniki'),
    ('7913934345', 'University of Crete'),
    ('7790829012', 'University Of Patras'),
    ('1105990825', 'University of Piraeus'),
    ('2409717138', 'National Technical University of Athens'),
    ('1393038179', 'University of West Attica'),
    ('5651805717', 'University of Crete'),
    ('3212025506', 'University Of Patras'),
    ('9482372998', 'National and Kapodistrian University of Athens'),
    ('8159015143', 'University of Crete'),
    ('1287231852', 'Aristotle University of Thessaloniki'),
    ('1442502425', 'Aristotle University of Thessaloniki'),
    ('2539952485', 'University of Piraeus');

insert into app_user (username, password, first_name, last_name)
values
    ('admin', 'admin', 'Agustina', 'Runolfsdottir'),
    ('Marques.Sawayn', 'xiMJKPW9SmLGOBt', 'Celia', 'Nikolaus'),
    ('Sophie38', '03NAvjDx8yX1DPH', 'Mustafa', 'Hammes'),
    ('Devon_Koepp57', 'o77t4cYYgY0n2Ol', 'Genevieve', 'Strosin'),
    ('Tommie.Miller82', '7Oiuxi3yPJf9sgX', 'Brenda', 'Rohan'),
    ('Javier64', 'cBx2_je76ROz25e', 'Timmothy', 'Green'),
    ('Manley.Ebert', 'GE2gzUqFZpCa7QM', 'John', 'Runolfsdottir'),
    ('Joany.Reinger', 'DvAFW9vq5zWImB6', 'Marlon', 'Bartell'),
    ('operator', 'operator', 'Anissa', 'Purdy'),
    ('Stefan.Bins30', '1Xi3R9LoLndwL1l', 'Kelli', 'Ledner'),
    ('Chadd_Olson50', 'zjKeYK_148vvXdU', 'Salma', 'Lind'),
    ('Aliya1', 'qMyJHmwBNKVUv1u', 'Pearlie', 'Ernser'),
    ('Adan.Cummerata', 'xxa9ZX42ZuL4tqv', 'Myra', 'Robel-Jacobi'),
    ('Ashton93', 'JXkdh89WiwolGZz', 'Jocelyn', 'Aufderhar'),
    ('teacher', 'teacher', 'Luis', 'Hane'),
    ('Dannie7', 'IVU4xCjs8C1WvFy', 'Gail', 'Farrell'),
    ('Katelynn_Rogahn', 'b_8ce6i6T9jjxq7', 'Sylvia', 'Bailey'),
    ('Shyanne32', 'e6FnAVSFvsIIIY9', 'Celia', 'McClure'),
    ('Elenora18', 'qaiGlrKC9S0W8g8', 'Sedrick', 'Hickle-Luettgen'),
    ('Summer_Quigley88', '7tFRQJ712DWLju1', 'Mayra', 'Dare'),
    ('Neal.Jast', '8eh0UwteboEsPjQ', 'Arch', 'Johns'),
    ('Elmore.OReilly', 'P0qrMp_P_YO9Doz', 'Rylan', 'Steuber'),
    ('Tremayne_Nader7', 'bcYjcpQ48fPYniO', 'Sammy', 'Mohr'),
    ('Arturo_Legros', 'To0mFNRXmy93QwT', 'Narciso', 'Herman'),
    ('Earnest_Russel', 'q8ERDJaHurToxRu', 'Easton', 'Ledner'),
    ('Breana_Zemlak', 'HxH1KTvOmea1G7c', 'Norberto', 'Beatty'),
    ('Angelica_Jenkins11', 'zgMCt4hfO9_ksXq', 'Jovany', 'Marvin'),
    ('Keanu_Langworth99', 'UfuFEt9vzx4cT0t', 'Reta', 'Littel'),
    ('Twila.Hudson', 'kBEY9x8iP4z3WeH', 'Isaac', 'Waters'),
    ('student', 'student', 'Lorenzo', 'Daugherty-Greenfelder'),
    ('Larissa.Hammes', '6Q6cJa0NouxI_XO', 'Roma', 'Lesch'),
    ('Alayna.Haag0', 'UWfwY41uNj9q9lT', 'Lonzo', 'Jakubowski'),
    ('Rashad47', 'C8JkZLkcCKgi9FI', 'Nolan', 'Kessler'),
    ('Winnifred69', 'yeOjCeyveaX7Pdy', 'Quentin', 'Hyatt'),
    ('Chad.Batz45', 'mmBkRxvgGYM9BDe', 'Arnaldo', 'Robel'),
    ('Edmond_McKenzie87', 'V71n0V_P5XgBgOJ', 'Taurean', 'Waters'),
    ('Domenico_McClure', 'H3jFyIvcXKc2dy8', 'Alfred', 'Kuhlman'),
    ('Marquise_Farrell97', 'GhTXzs9BhUQGmQ_', 'Zora', 'Macejkovic'),
    ('Jaunita59', 'tU1SloWQmh5lI0u', 'Berry', 'Crist'),
    ('Tatyana51', 'yoi5ymVXufxXiYt', 'Haylee', 'Green'),
    ('Keenan28', 'CUS2U7SNkgauaaQ', 'Kristofer', 'Romaguera'),
    ('Houston_DuBuque', 'LVSnU4pyKrSTJ87', 'Lisandro', 'Huels'),
    ('Justine_Schulist', 'WBkT0aRe_Hc6zXY', 'Howell', 'Moore'),
    ('Godfrey3', 'mVyiQoSO3TwiyqQ', 'Sylvan', 'Jakubowski'),
    ('Frida51', '635G8UNbaa_IXjX', 'Elouise', 'Schuster'),
    ('Brittany41', 'tnK2yEJzTMzCNfi', 'Ofelia', 'Fisher'),
    ('Eudora.Cummerata', 'R4O6ngjlBQJarnh', 'Pete', 'Zboncak'),
    ('Rolando_Nitzsche', 'MKQ4FkKeBqi9hHg', 'Elijah', 'Morar'),
    ('Alfreda.Bauch44', 'CHlQLMO6pMXPkt9', 'Jerry', 'Carroll'),
    ('Ima.Little86', '9oYx7Wip84Ne7L7', 'Jada', 'Koelpin'),
    ('Ivah28', 'xwYG2qOQMmCtm5B', 'Lenna', 'Jacobi'),
    ('Myrtice71', 'EOkJSKtmG8xoHC9', 'Randall', 'Bergstrom'),
    ('Margarett16', 'cRpVnUmOkW5VLjD', 'Audra', 'Walter'),
    ('Enos83', 'RBMfMZYVO8OGiGa', 'Muriel', 'Parker'),
    ('Loren.Keebler', 'iORucFeXwLVILr8', 'Lucius', 'Stark'),
    ('Caterina70', '0EAiBgvam4h96Os', 'Colby', 'Feest'),
    ('Roger83', 'HRyEQ3fyoTqnSs_', 'Abbigail', 'Powlowski'),
    ('Glenda.Borer36', 'MKejijusVkdJjQt', 'Trenton', 'Hammes'),
    ('Orlo7', 'J42xG4wnCRu4uvg', 'Iliana', 'Christiansen'),
    ('Assunta.Conn', 'X_fNcgShcs6rtEn', 'Myron', 'Macejkovic'),
    ('Kailey_Crist', 'mi8ktI3xZLePvt3', 'Karina', 'Fahey'),
    ('Novella_Hartmann-Lubowitz28', 'PlOMWpNH3zswSMv', 'Candace', 'Becker'),
    ('Lyla55', 'lBwXMrqliQhYU0Q', 'Asa', 'Langworth'),
    ('Bianka_Price19', '_ZfXhqzF5QhdhD7', 'Anjali', 'Boyer'),
    ('Ova_Bradtke', 'iZmkkW9rhr8mnpi', 'Jonas', 'Stamm'),
    ('Kenneth_Luettgen', '4H483vj_5_A5opc', 'Betty', 'Flatley'),
    ('Quentin.Price', 'Iuf20T4PkA_g3tM', 'Gabriella', 'Franecki'),
    ('Lolita.Powlowski64', 'WwzzK0Z0mSrEKPm', 'Jacklyn', 'Krajcik');

insert into user_administrator (username)
values
    ('admin'),
    ('Marques.Sawayn'),
    ('Sophie38'),
    ('Devon_Koepp57'),
    ('Tommie.Miller82'),
    ('Javier64'),
    ('Manley.Ebert'),
    ('Joany.Reinger');

insert into user_operator (username, operating_school_name)
values
    ('operator', 'National Technical University of Athens'),
    ('Stefan.Bins30', 'University of West Attica'),
    ('Chadd_Olson50', 'National and Kapodistrian University of Athens'),
    ('Aliya1', 'Aristotle University of Thessaloniki'),
    ('Adan.Cummerata', 'University Of Patras'),
    ('Ashton93', 'University of Crete');

insert into user_operator_pending_approval (username, operating_school_name, password, first_name, last_name)
values
    ('Reyna_Davis88', 'Athens University of Economics and Business', 'oH2lYsZTXs0eFXx', 'Brenden', 'Kirlin'),
    ('Mack53', 'University of Piraeus', '2nUmVDgXJuNO4Zl', 'Andrew', 'Stanton');

insert into user_teacher (username, belonging_school_name, date_of_birth, deactivated)
values
    ('teacher', 'National Technical University of Athens', '1980-01-01', false),
    ('Dannie7', 'University Of Patras', '1976-06-06', false),
    ('Katelynn_Rogahn', 'University of Crete', '1974-12-14', true),
    ('Shyanne32', 'University Of Patras', '1982-06-03', false),
    ('Elenora18', 'Aristotle University of Thessaloniki', '1972-07-14', false),
    ('Summer_Quigley88', 'National Technical University of Athens', '1977-02-18', false),
    ('Neal.Jast', 'Aristotle University of Thessaloniki', '1978-11-21', false),
    ('Elmore.OReilly', 'Athens University of Economics and Business', '1985-10-15', false),
    ('Tremayne_Nader7', 'University of West Attica', '1957-01-12', false),
    ('Arturo_Legros', 'University of Piraeus', '1961-10-04', true),
    ('Earnest_Russel', 'Aristotle University of Thessaloniki', '1959-12-08', false),
    ('Breana_Zemlak', 'National and Kapodistrian University of Athens', '1968-09-26', false),
    ('Angelica_Jenkins11', 'National and Kapodistrian University of Athens', '1958-12-22', false),
    ('Keanu_Langworth99', 'Aristotle University of Thessaloniki', '1993-11-07', false),
    ('Twila.Hudson', 'Athens University of Economics and Business', '1961-09-08', true);

insert into user_teacher_pending_approval (username, belonging_school_name, date_of_birth, password, first_name, last_name)
values
    ('Marjory94', 'University of Piraeus', '1991-10-01', '6MdForDBtCVTwf_', 'Crawford', 'Shields'),
    ('Quinten23', 'University Of Patras', '1963-09-14', 'JgkP355nXBXQ3rb', 'Tavares', 'Kemmer'),
    ('Anabelle7', 'Athens University of Economics and Business', '1973-06-29', '_RMxkgKtW2gLObA', 'Elfrieda', 'Kulas'),
    ('Jeremy_Turner58', 'University of Crete', '1975-04-10', '_24o7pBqBnwl4GN', 'Lawson', 'Nolan'),
    ('Cynthia_Kris99', 'National and Kapodistrian University of Athens', '1978-09-24', 'f4OHA9veA4pZGaf', 'Lionel', 'Fay'),
    ('Walter_Kirlin', 'University of Piraeus', '1967-01-02', '6RxKOH2SGgvZv7E', 'Elmer', 'McDermott');

insert into user_student (username, belonging_school_name, date_of_birth, deactivated)
values
    ('student', 'National Technical University of Athens', '2006-01-01', false),
    ('Larissa.Hammes', 'University Of Patras', '2006-11-10', false),
    ('Alayna.Haag0', 'National and Kapodistrian University of Athens', '2015-02-27', true),
    ('Rashad47', 'National and Kapodistrian University of Athens', '2013-10-05', false),
    ('Winnifred69', 'University of Crete', '2007-05-14', true),
    ('Chad.Batz45', 'University Of Patras', '2010-09-16', false),
    ('Edmond_McKenzie87', 'National Technical University of Athens', '2012-07-14', true),
    ('Domenico_McClure', 'National and Kapodistrian University of Athens', '2011-10-14', false),
    ('Marquise_Farrell97', 'University of Crete', '2013-07-23', false),
    ('Jaunita59', 'University of Crete', '2015-05-16', false),
    ('Tatyana51', 'National Technical University of Athens', '2014-04-17', false),
    ('Keenan28', 'Aristotle University of Thessaloniki', '2014-09-30', false),
    ('Houston_DuBuque', 'University of West Attica', '2014-09-22', false),
    ('Justine_Schulist', 'University of Crete', '2008-05-31', false),
    ('Godfrey3', 'University of West Attica', '2014-07-21', false),
    ('Frida51', 'National Technical University of Athens', '2014-01-18', false),
    ('Brittany41', 'University of Crete', '2012-09-26', false),
    ('Eudora.Cummerata', 'Aristotle University of Thessaloniki', '2015-06-05', false),
    ('Rolando_Nitzsche', 'National and Kapodistrian University of Athens', '2008-03-25', false),
    ('Alfreda.Bauch44', 'National Technical University of Athens', '2015-11-29', false),
    ('Ima.Little86', 'University of Piraeus', '2009-02-24', false),
    ('Ivah28', 'University of West Attica', '2012-09-25', false),
    ('Myrtice71', 'National and Kapodistrian University of Athens', '2009-04-19', false),
    ('Margarett16', 'National Technical University of Athens', '2013-03-15', false),
    ('Enos83', 'University of West Attica', '2004-06-13', false),
    ('Loren.Keebler', 'Aristotle University of Thessaloniki', '2016-03-10', false),
    ('Caterina70', 'University of West Attica', '2005-03-15', false),
    ('Roger83', 'University Of Patras', '2010-01-20', false),
    ('Glenda.Borer36', 'National Technical University of Athens', '2016-05-16', false),
    ('Orlo7', 'University of Crete', '2015-04-03', false),
    ('Assunta.Conn', 'University of Crete', '2008-03-09', true),
    ('Kailey_Crist', 'University of Piraeus', '2009-11-02', false),
    ('Novella_Hartmann-Lubowitz28', 'Aristotle University of Thessaloniki', '2014-12-04', false),
    ('Lyla55', 'Athens University of Economics and Business', '2007-04-20', false),
    ('Bianka_Price19', 'University Of Patras', '2007-10-05', false),
    ('Ova_Bradtke', 'Athens University of Economics and Business', '2010-05-09', false),
    ('Kenneth_Luettgen', 'University of Piraeus', '2012-12-14', false),
    ('Quentin.Price', 'Athens University of Economics and Business', '2012-02-05', false),
    ('Lolita.Powlowski64', 'Aristotle University of Thessaloniki', '2013-07-30', true);

insert into user_student_pending_approval (username, belonging_school_name, date_of_birth, password, first_name, last_name)
values
    ('Newell10', 'Athens University of Economics and Business', '2005-07-09', 'EOwJ1cynDicbt_F', 'Narciso', 'Medhurst'),
    ('Emanuel_Kutch', 'University of Piraeus', '2005-01-15', 'gYTVJeaRZlwX5U0', 'Stevie', 'Schaden'),
    ('Reina.Hartmann', 'Athens University of Economics and Business', '2007-08-08', 'CxtHEey3cfRRE3H', 'Ewald', 'Rodriguez'),
    ('Leslie_Cormier27', 'National Technical University of Athens', '2012-09-05', 'vfV90ZyvyAcdTQD', 'Jonas', 'Kreiger'),
    ('Aileen.Goyette', 'University of Crete', '2006-07-26', 'f0I0hzd7ea87ZfE', 'Saul', 'Carroll'),
    ('Jade.Murphy', 'Aristotle University of Thessaloniki', '2007-05-19', 'rLl4wvMcff3EEuN', 'Angie', 'Wilderman'),
    ('Gianni_Abernathy', 'University of West Attica', '2016-03-04', 'glW7XaZ88UAnbfH', 'Concepcion', 'Kuhic'),
    ('Xzavier.Macejkovic', 'Aristotle University of Thessaloniki', '2010-01-18', '63iLGLzR5zimVJL', 'Meggie', 'Murphy'),
    ('Darlene_Beier38', 'National Technical University of Athens', '2010-05-09', 'KTpZpLafBsR7B9h', 'Leanna', 'Crist'),
    ('Genoveva.Witting', 'University of West Attica', '2006-02-14', '0I7rRSfl9dEUCoQ', 'Electa', 'Rath'),
    ('Myrtie_Hagenes71', 'University of Crete', '2006-01-21', 'caEVsmO0JJVFjbm', 'Garry', 'Kunde'),
    ('Clarabelle76', 'Athens University of Economics and Business', '2009-03-18', 'mY9ENUFfLmHvpzO', 'Bertrand', 'Lowe');

insert into book (isbn, title, publisher, page_count, summary, language)
values
    ('0873842106175', 'ea nemo quia', 'W.W. Norton & Company', '287', 'Delectus quia dolorem repellendus nihil. Iste nobis dolor magnam recusandae repellendus possimus. Aliquam nobis optio.', 'english'),
    ('0619150906105', 'consequatur', 'HarperCollins', '110', 'Laborum ipsam aliquam nobis excepturi odit. Quibusdam perferendis expedita eius unde expedita ea expedita accusantium nihil.', 'greek'),
    ('0506001882843', 'sint tenetur', 'Abrams Books', '70', 'Veritatis quisquam ab magni praesentium veritatis deleniti nihil sequi. Voluptates dolore delectus accusantium sit vel ea. Labore nihil porro numquam minus quibusdam reiciendis ex a modi. Natus quas alias incidunt asperiores dolorem.', 'japanese'),
    ('4765316845986', 'doloribus eum aliquid eveniet quasi', 'Harlequin', '408', 'Doloremque aliquid labore. Modi officia eveniet sint atque suscipit. Dolorum eum iure mollitia iure velit.', 'japanese'),
    ('4528793875041', 'iste', 'Knopf Doubleday Publishing Group', '368', 'Itaque ratione rem cupiditate eveniet aliquam magnam quas deserunt. Qui atque fugiat repellat velit iste at labore veniam. Sunt laudantium doloribus sint. Dignissimos blanditiis esse quibusdam quasi minus libero laboriosam.', 'japanese'),
    ('5980657083090', 'autem molestiae expedita', 'Faber & Faber', '340', 'Beatae nulla incidunt dolores accusantium. Minus perferendis veritatis necessitatibus totam minus saepe. Eius quisquam laborum harum debitis nemo sequi minima ducimus a.', 'french'),
    ('3483933695384', 'asperiores', 'Faber & Faber', '146', 'Porro distinctio minus minima accusantium ex suscipit suscipit. Vel in explicabo dignissimos eos ut vel culpa.', 'english'),
    ('0354515259488', 'quia placeat cum beatae', 'Grove Atlantic', '437', 'Veritatis dignissimos dolores. Minima consectetur minima possimus.', 'russian'),
    ('3556136256905', 'quis totam deserunt necessitatibus assumenda', 'Grove Atlantic', '394', 'Ab officiis nobis assumenda tenetur sint laudantium sequi. Omnis optio expedita.', 'russian'),
    ('6982956291537', 'amet', 'University of Chicago Press', '501', 'Aliquid vel id perspiciatis. Ipsum accusantium repellat.', 'russian'),
    ('5322372383778', 'iure nulla aliquid possimus', 'University of Chicago Press', '96', 'Ratione accusantium quod magnam sed sint quidem illum. Explicabo incidunt voluptatibus provident dolorum tempore illum laboriosam. Dolor ullam fuga quis hic eaque error repellat delectus.', 'french'),
    ('1962444842863', 'perferendis minus error', 'Scholastic Corporation', '131', 'Corrupti ullam magni. Hic quo et. Rem necessitatibus non praesentium accusantium iure consectetur beatae laudantium cumque. Porro iure sed ipsam inventore distinctio exercitationem rerum eveniet.', 'french'),
    ('5659452551928', 'officia eum iure', 'Macmillan Publishers', '443', 'Voluptas est atque deserunt rerum praesentium voluptatem. Officia accusamus excepturi libero. Temporibus laborum ex non temporibus. Recusandae est nihil numquam officiis corrupti qui.', 'russian'),
    ('8140604367505', 'in porro illum adipisci occaecati', 'Knopf Doubleday Publishing Group', '170', 'Odio soluta saepe quia quia aut quibusdam cupiditate sequi accusantium. Necessitatibus suscipit molestias.', 'russian'),
    ('4763912543919', 'recusandae libero reiciendis est', 'Vintage Books', '95', 'Maiores culpa corporis debitis repudiandae ipsam laudantium. Totam accusamus itaque id. Doloremque deleniti aperiam. Rem repellendus odit voluptates.', 'german'),
    ('1196585421482', 'consectetur', 'W.W. Norton & Company', '143', 'Nesciunt molestias incidunt voluptatum quam suscipit voluptatibus harum assumenda. Culpa accusamus officiis itaque. Totam recusandae laboriosam laboriosam praesentium assumenda modi asperiores praesentium eligendi.', 'japanese'),
    ('0407354781425', 'dolores minima labore perferendis', 'Elsevier', '226', 'Inventore vitae ab. Inventore quasi aliquam modi mollitia id quisquam cumque cumque.', 'french'),
    ('9398516930144', 'voluptates excepturi commodi beatae hic', 'Faber & Faber', '514', 'Libero doloribus fuga deleniti laborum itaque ab. Blanditiis animi voluptatibus nobis neque dolorum eaque. Eveniet eaque adipisci nobis. Molestias ex aliquid.', 'greek'),
    ('1803934896465', 'expedita maiores odit sunt', 'Faber & Faber', '356', 'Iure ab eum eius inventore. Facere praesentium tempore atque doloribus amet nisi ratione doloremque neque. Ducimus tenetur quidem doloremque temporibus odit dolores nesciunt voluptas. Mollitia eos quo velit explicabo.', 'russian'),
    ('4901061120272', 'rem facere', 'Grove Atlantic', '237', 'Vitae atque similique a iusto voluptatem fuga cumque dolores. Eius vero iste non eveniet non earum.', 'english'),
    ('6847046194869', 'exercitationem iste libero', 'HarperCollins', '151', 'Vel error tempora quas voluptate atque. Delectus nulla quaerat. Modi aut error cupiditate nostrum commodi quam ea asperiores laborum. In qui exercitationem ratione.', 'japanese'),
    ('9934409262917', 'dolores libero', 'Elsevier', '476', 'Totam dolorem quasi quo animi quas. Omnis libero facere soluta ducimus dolorum praesentium sit explicabo.', 'russian'),
    ('4397574592806', 'quasi assumenda ducimus', 'Cambridge University Press', '278', 'Error quaerat harum eaque aliquam quae aliquid repellat. Similique dignissimos dolores. Laborum a dolore quam.', 'japanese'),
    ('3493062200016', 'excepturi quaerat sint ex ut', 'Beacon Press', '324', 'Quae fugit assumenda. Atque laboriosam voluptatibus deserunt. Mollitia cupiditate natus.', 'greek'),
    ('3998182796438', 'sint', 'Penguin Classics', '446', 'Minus ex officiis neque quod. Dolores ab deserunt fuga perferendis tempora unde id.', 'greek'),
    ('8331064842003', 'minus tenetur corporis', 'Faber & Faber', '264', 'Repellat repellendus architecto optio iure illo nam quaerat recusandae dolores. Ea perferendis iste exercitationem voluptas consequatur.', 'greek'),
    ('9570884873058', 'possimus eos numquam officiis', 'Chronicle Books', '482', 'Non dolorem reprehenderit dolor cupiditate. Sapiente neque ipsam ipsa odit itaque minus dolores alias neque. Magnam illo occaecati necessitatibus. Veniam amet reiciendis.', 'german'),
    ('8991929272421', 'beatae aliquam qui autem ex', 'Princeton University Press', '352', 'Esse inventore eos. Facere enim autem ea quis sequi earum vel nam ad.', 'french'),
    ('1948833944320', 'perspiciatis', 'Chronicle Books', '228', 'Perspiciatis ad illo at delectus saepe repellendus perspiciatis perspiciatis esse. Aliquid architecto quasi ipsam qui deleniti dicta temporibus. Enim illo saepe. A laborum tempora similique vero.', 'japanese'),
    ('2944741203144', 'reiciendis', 'W.W. Norton & Company', '483', 'Magni reprehenderit cumque. Tempore laborum accusamus. Libero reprehenderit accusantium reiciendis praesentium animi earum.', 'greek'),
    ('9455952239289', 'labore eos nulla vero', 'Simon & Schuster', '212', 'Velit sint at voluptas ipsam. Officiis omnis ab expedita distinctio omnis. Ratione tempora quis sapiente perspiciatis architecto exercitationem illo. Enim minima veritatis sit exercitationem delectus fugiat nisi.', 'russian'),
    ('5803329933907', 'mollitia sit', 'Macmillan Publishers', '304', 'Libero laudantium saepe doloribus sequi fuga tempore alias. Sit at porro. Omnis corporis nisi distinctio earum veniam maiores eius explicabo. Vitae libero nihil possimus aliquam earum dolorem enim totam.', 'japanese'),
    ('2958676677505', 'explicabo fugit', 'HarperCollins', '490', 'Ex iure eaque modi porro eius ut explicabo repudiandae ex. A corporis tenetur. Quo placeat nobis eius voluptatem necessitatibus itaque quia nisi. Sunt eum qui optio earum ut ad labore.', 'german'),
    ('1024067359004', 'accusantium maxime temporibus enim', 'Candlewick Press', '64', 'Commodi asperiores animi sequi dolorum aperiam nostrum laborum quos dolore. Laboriosam minus eligendi.', 'japanese'),
    ('3755129398954', 'rem quam nobis minima', 'Little, Brown and Company', '310', 'Quam maxime atque expedita iusto libero tenetur quia cumque quam. Ratione fugit esse delectus quia temporibus. Sapiente ratione nihil nulla laudantium voluptates veniam facere temporibus.', 'japanese'),
    ('7431801583226', 'pariatur doloribus exercitationem illum', 'Chronicle Books', '258', 'Fuga labore dolore doloribus. Commodi nostrum asperiores tempora placeat tenetur facilis accusantium culpa. Deleniti omnis eligendi tempore magnam numquam est inventore id.', 'russian'),
    ('3811595784926', 'iure aspernatur', 'Wiley', '353', 'Alias quisquam cumque sint dolore expedita. Corporis voluptate explicabo impedit.', 'german'),
    ('1834538803567', 'error', 'Cambridge University Press', '48', 'Explicabo dolorum quaerat rerum perspiciatis inventore. Similique et deleniti.', 'english'),
    ('8856166905819', 'aspernatur nisi perspiciatis et culpa', 'Elsevier', '94', 'Autem esse itaque. Natus quasi provident blanditiis ipsa. Temporibus earum quaerat quo laudantium expedita.', 'german'),
    ('4337757803507', 'odit in', 'Little, Brown and Company', '97', 'Asperiores deleniti eaque. Possimus explicabo occaecati eum magni repudiandae placeat animi quidem. Tempore velit numquam vero. Commodi voluptatem quam consequatur.', 'french'),
    ('1081185275492', 'qui temporibus voluptas debitis officia', 'Cambridge University Press', '322', 'Necessitatibus iure illo laudantium a ad et doloribus accusamus. Necessitatibus assumenda neque. Aliquam occaecati quibusdam doloremque reiciendis ducimus dolorem veritatis laborum modi.', 'english'),
    ('3545075082793', 'nemo necessitatibus nihil quidem dignissimos', 'Penguin Classics', '426', 'Illo impedit cupiditate sed asperiores ad ut ullam laboriosam impedit. Rerum hic vel saepe quibusdam blanditiis ullam minima. Voluptatibus quae ducimus repellat distinctio porro aut eveniet rerum aspernatur.', 'russian'),
    ('6495687633082', 'architecto', 'Harlequin', '42', 'Quidem accusamus officia recusandae hic debitis. Unde dolore sed. Ipsam aut labore ut ratione.', 'german'),
    ('1993430674816', 'vero tempore maiores ut', 'University of Chicago Press', '401', 'Itaque architecto numquam commodi enim libero esse quod asperiores molestiae. Alias unde nihil.', 'russian'),
    ('9413080215676', 'in deserunt hic dolore mollitia', 'Bloomsbury Publishing', '121', 'Illo incidunt voluptate saepe fuga nemo. Id accusantium ipsum. Ut magnam tenetur repellat odio reprehenderit quibusdam nesciunt. Incidunt nostrum explicabo numquam rerum nam consectetur.', 'french'),
    ('9191677450041', 'iste magnam odit dicta', 'W.W. Norton & Company', '475', 'Quod sed modi id veniam esse labore dolore harum. Magni mollitia dignissimos ipsam deserunt eum.', 'greek'),
    ('1993234705893', 'eius provident fuga odit commodi', 'Penguin Random House', '142', 'Eaque corrupti nihil ducimus distinctio quibusdam veritatis repellat fugiat. Ab quasi architecto officiis voluptatibus.', 'german'),
    ('1478600095825', 'ad ipsum aut sed', 'Bloomsbury Publishing', '170', 'Voluptatum placeat officia. Saepe quo perferendis voluptatum possimus voluptatum. Totam corporis veniam ducimus vitae similique optio maxime dolorem ipsum.', 'german'),
    ('8702604154749', 'natus facere eveniet accusamus', 'MIT Press', '429', 'Aut quibusdam ratione dolorem atque cum cupiditate. Dignissimos animi nihil. Numquam libero optio suscipit.', 'english'),
    ('7535719512355', 'asperiores deleniti', 'Wiley', '489', 'Accusamus voluptatem autem nobis enim voluptates expedita ipsum maxime. Voluptate consectetur illo commodi id earum. Similique consequuntur error rem laboriosam sequi impedit qui.', 'russian'),
    ('6035102283299', 'veniam', 'Random House', '478', 'Ipsam perspiciatis ipsum fugit ducimus dolore deserunt cupiditate. Natus fugiat soluta omnis quos sint labore soluta nisi.', 'japanese'),
    ('2647474301069', 'totam nesciunt commodi harum', 'Random House', '382', 'Amet magnam debitis eveniet. Hic deleniti sequi aspernatur dolorem ab. Culpa cupiditate a.', 'english'),
    ('1937451767593', 'dolorem reprehenderit animi', 'W.W. Norton & Company', '177', 'Delectus tenetur dolorem a aliquid eveniet. Minus nulla doloribus quae officia doloremque modi voluptate inventore error. Ut corrupti explicabo quidem aut ab. Doloremque sequi eum vitae repudiandae tempore saepe maxime optio.', 'greek'),
    ('7505619350618', 'commodi consequuntur perspiciatis', 'Penguin Classics', '328', 'Omnis perspiciatis earum. Quasi atque molestiae quos alias rerum vel. Ut nihil harum reprehenderit itaque. Dolores minus voluptates aut iure animi temporibus veniam.', 'english'),
    ('5322552685977', 'facilis adipisci eaque blanditiis', 'W.W. Norton & Company', '417', 'Reiciendis nulla dignissimos rem quisquam laboriosam atque molestiae a. Quis dolor accusantium corporis quasi quasi excepturi nihil. Alias aliquam labore.', 'russian'),
    ('3687466145150', 'optio numquam minus eos sed', 'Wiley', '481', 'A ad iure sequi dicta quam id autem. Molestiae dolorem culpa quia.', 'german'),
    ('7617148294574', 'pariatur', 'Cambridge University Press', '203', 'Earum exercitationem magnam ad eligendi. Doloribus odio esse vitae. Dolorum doloremque sint aliquam eum officiis earum voluptas nihil earum.', 'japanese'),
    ('7063406924275', 'eaque porro temporibus', 'Random House', '134', 'Cumque minus facilis autem et numquam quam assumenda ratione deleniti. Eaque amet molestiae fugiat vitae impedit dolores accusamus. Molestiae iste voluptatibus eaque inventore ex. Veritatis reiciendis hic recusandae mollitia dolorum vero quod deleniti.', 'german'),
    ('6309806469556', 'suscipit saepe asperiores blanditiis quod', 'Penguin Random House', '317', 'Provident nostrum similique molestias quasi fugiat alias fugit enim. Iusto saepe voluptatem repudiandae deserunt enim eum.', 'greek'),
    ('4798369738813', 'facilis', 'Oxford University Press', '281', 'Placeat unde eveniet sapiente doloremque. Ducimus tempora cumque. Nisi cumque deleniti natus magni repudiandae fugiat.', 'russian'),
    ('9289212971620', 'eum mollitia et', 'Penguin Classics', '444', 'Ducimus ipsa eum ab. Sequi natus cupiditate.', 'japanese'),
    ('2577605366188', 'optio soluta et nesciunt', 'University of California Press', '287', 'Ex vero sint. Excepturi repellat soluta rerum. At quis accusantium fugiat distinctio est totam inventore. Inventore fuga totam dignissimos rem.', 'english'),
    ('8502070207245', 'culpa nostrum distinctio inventore quo', 'Knopf Doubleday Publishing Group', '378', 'Libero rem sequi voluptas reiciendis odit quisquam assumenda debitis. Fugit inventore velit temporibus ad.', 'japanese'),
    ('4570095359889', 'neque', 'Wiley', '24', 'Aspernatur nemo ducimus aspernatur. Illo iste impedit dicta voluptate. Quam dicta nemo nesciunt et ipsam nihil. Accusamus commodi voluptate odit ipsam numquam laboriosam ratione nobis.', 'french'),
    ('1191233835952', 'expedita amet cum sequi amet', 'Faber & Faber', '269', 'Earum accusantium autem nemo. Itaque quae distinctio blanditiis aperiam quas commodi illum fuga minus. Nemo porro ipsam corrupti assumenda.', 'german'),
    ('3621750746662', 'illum ab consectetur tempore ipsam', 'University of California Press', '151', 'Tempore possimus ratione sequi. Neque itaque officiis dolorum deserunt porro. Rerum dicta ad veritatis. Numquam animi maiores temporibus voluptates nobis aliquam animi.', 'english'),
    ('9477438043459', 'nemo inventore adipisci sequi consectetur', 'Penguin Random House', '461', 'Dolorem veniam ullam atque accusantium. Neque nemo hic incidunt quasi minus officiis facilis. Voluptatibus odit dignissimos.', 'french'),
    ('3445531019742', 'et velit totam', 'MIT Press', '178', 'Possimus facilis hic ad fugit. Exercitationem laboriosam assumenda omnis quidem.', 'french'),
    ('0822467198125', 'necessitatibus magnam', 'Penguin Random House', '127', 'Tempora ut reiciendis soluta soluta cum cupiditate in numquam atque. Veniam reprehenderit ducimus ex nemo. At laudantium odio dolor laboriosam veniam.', 'english'),
    ('7233206131851', 'eius libero esse deleniti', 'Beacon Press', '183', 'Asperiores id in facere sed animi nulla commodi dolor. Atque dolores explicabo corporis ex aperiam delectus. Ipsa error impedit. Deserunt blanditiis voluptas illum molestias.', 'french'),
    ('7636039434301', 'natus ipsum', 'Beacon Press', '377', 'Doloribus earum sapiente molestiae porro nulla temporibus facere maxime sit. Suscipit doloremque quaerat laboriosam ipsa tempora vel ullam unde cumque.', 'japanese'),
    ('1042732513932', 'eius', 'Macmillan Publishers', '356', 'Minima a expedita sunt incidunt. Minus laudantium vel earum corporis. Eligendi architecto eligendi doloribus ab. Temporibus ut hic fuga quasi.', 'japanese'),
    ('6893895503573', 'voluptate', 'Macmillan Publishers', '292', 'Adipisci iste quo minus repellat delectus ipsa quaerat. Consequatur quasi atque est animi repudiandae. Aspernatur dolor nulla.', 'japanese'),
    ('6920189865060', 'dignissimos minus', 'Grove Atlantic', '187', 'Nesciunt quod iusto iste earum qui iusto alias earum odio. Blanditiis quis tempore veritatis ab delectus exercitationem nostrum. Cum facilis architecto molestias.', 'greek'),
    ('7332185669899', 'occaecati illum sapiente modi', 'Macmillan Publishers', '223', 'Repellat consequuntur sint provident. Ut saepe inventore voluptas nihil assumenda aliquid aperiam delectus. Amet vel voluptas corporis libero illo numquam non.', 'french'),
    ('7263719636987', 'vel inventore consequatur', 'Grove Atlantic', '195', 'Ipsam qui ex aperiam facilis animi fugiat. Odio aliquid amet ex molestias.', 'english'),
    ('5326394665840', 'velit error molestias exercitationem', 'Vintage Books', '172', 'Blanditiis cumque quos placeat magnam quo delectus libero. Officia hic quos molestiae mollitia numquam accusamus. Cumque culpa eaque alias labore mollitia perferendis consequatur. Consequuntur eveniet voluptate nostrum quis quam.', 'german'),
    ('2763472260650', 'recusandae nemo saepe', 'Candlewick Press', '240', 'Numquam labore a rem. Fugiat libero fuga minus quia consectetur excepturi. Pariatur reiciendis nulla. Laudantium sed ratione dignissimos.', 'german'),
    ('9540089035799', 'cumque inventore corrupti optio', 'University of Chicago Press', '233', 'Maxime aperiam optio officiis illo corporis laborum veniam cum officia. Ducimus consequuntur ea explicabo sunt doloribus asperiores. Vero amet velit ut unde perferendis non. Ratione officia vel.', 'greek'),
    ('8201832216775', 'corrupti', 'Macmillan Publishers', '407', 'Tempora labore quas harum numquam beatae architecto mollitia. Similique eaque ipsam excepturi eveniet tempore ad eum debitis ab. Nesciunt enim blanditiis praesentium sit sit. Soluta illo accusantium molestiae cum expedita ipsa quisquam aperiam.', 'french'),
    ('7612056101978', 'rem', 'Elsevier', '85', 'Molestiae eum magnam nemo vitae vitae. Asperiores fugiat eveniet vel. Sapiente assumenda molestias sed aspernatur ad animi corrupti. Sit eum culpa.', 'french'),
    ('6781899347936', 'dicta veniam', 'MIT Press', '196', 'Impedit consequatur optio similique ipsam odit inventore explicabo nostrum. Quidem nesciunt voluptatum saepe animi. Ut hic beatae neque mollitia ratione.', 'greek'),
    ('9001059728675', 'dolorem sed error in', 'Penguin Books', '457', 'Ipsum nostrum itaque autem nesciunt unde. Molestiae sed voluptas provident quod quos sequi nobis magnam ad. Cupiditate quo illum aut quae laudantium. Similique amet nisi accusamus facere nesciunt ab.', 'russian'),
    ('9327463793706', 'cupiditate numquam vitae', 'Penguin Random House', '230', 'Sequi tenetur ipsam autem soluta totam asperiores molestias doloremque rem. Fugiat asperiores reprehenderit.', 'greek'),
    ('3558246116111', 'et nemo', 'Knopf Doubleday Publishing Group', '300', 'Atque odio accusamus animi voluptatum tempore ipsa maiores magnam voluptatem. Doloremque blanditiis nobis dignissimos fuga doloremque facere suscipit minima. Qui reprehenderit maxime sequi excepturi. Reiciendis esse corrupti dolorum iure ullam expedita quaerat reiciendis.', 'english'),
    ('4472710672452', 'facere ut placeat quas', 'Chronicle Books', '379', 'Aspernatur explicabo iste. Minus pariatur temporibus vel animi exercitationem laudantium.', 'russian'),
    ('8132216682815', 'doloribus', 'W.W. Norton & Company', '294', 'Repellendus esse molestias tempore tempora fugiat. Maxime provident iusto eaque eveniet repudiandae. Iusto neque explicabo fugiat sunt. Veniam maxime placeat.', 'greek'),
    ('7980321304870', 'aliquid', 'Faber & Faber', '67', 'Occaecati maiores molestias facere incidunt earum vel provident. Facere nobis in. Dolores quae molestiae tempore voluptas eius officiis.', 'german'),
    ('4505567421181', 'fuga quia', 'Faber & Faber', '205', 'Cupiditate magnam ullam consequuntur doloremque deleniti enim cupiditate. Blanditiis aut dolores blanditiis sed.', 'greek'),
    ('8738598974543', 'odit magnam dicta ipsum', 'Harlequin', '171', 'Cupiditate fugiat in. Inventore laborum assumenda quam deleniti cum atque natus enim.', 'japanese'),
    ('8871913674823', 'saepe impedit', 'Scholastic Corporation', '302', 'Aliquid hic quidem laborum. Ea soluta distinctio deserunt odio perferendis illum asperiores aperiam rem. Nemo hic tempore adipisci adipisci temporibus quo voluptatum qui quos.', 'german'),
    ('1381294849056', 'unde', 'Elsevier', '476', 'Ipsum tenetur vitae vero asperiores quis distinctio. Quidem sunt veniam quisquam vitae quia cum. Porro quia tempore laudantium cum id.', 'greek'),
    ('5268713442351', 'atque necessitatibus ducimus', 'Cambridge University Press', '70', 'Aperiam dicta vero quae occaecati iste tempora. Harum libero dolor aliquid adipisci.', 'japanese'),
    ('4139801320863', 'debitis', 'Penguin Random House', '204', 'Tenetur voluptas perferendis ex eaque vel dolorem aliquam. Nam quae odio labore voluptatibus soluta provident necessitatibus. Occaecati recusandae sit autem autem hic cum culpa eaque.', 'english'),
    ('1214343083119', 'provident', 'Bloomsbury Academic', '444', 'Expedita aut cupiditate quasi optio consequatur perferendis blanditiis. Aliquam veniam deleniti atque atque esse inventore atque quis.', 'french'),
    ('6852046853402', 'quaerat voluptatem rerum', 'Wiley', '307', 'Vitae veniam magni repudiandae sed veritatis earum. Nobis ipsum optio itaque praesentium rem. Nihil cupiditate labore nihil illum. Beatae modi ea maxime nulla numquam accusantium.', 'german'),
    ('5086810911450', 'veritatis vitae doloremque', 'Penguin Books', '129', 'Amet a cumque explicabo repellat. Nobis maiores quaerat nostrum iste.', 'german'),
    ('4542097360365', 'ut nihil', 'Bloomsbury Publishing', '257', 'Beatae laborum ullam totam vel dolores a quasi. Vitae quae officia pariatur explicabo nesciunt modi cum nam dicta. Dignissimos eos doloribus recusandae dolorem cum dolorem nihil repudiandae incidunt. Minus nobis fuga.', 'english'),
    ('9712999816434', 'beatae nesciunt', 'Chronicle Books', '460', 'Occaecati iste omnis quasi culpa expedita vitae debitis earum libero. Impedit repellat delectus velit sint sapiente ut quis. Ut nam voluptas quisquam hic iure. Odit odio libero eveniet vel nihil error.', 'greek'),
    ('2202166055324', 'beatae', 'Princeton University Press', '30', 'Rem fugit autem porro dicta voluptate. Laboriosam eveniet amet sint enim ea placeat expedita molestiae.', 'english'),
    ('0319305330367', 'recusandae', 'Candlewick Press', '35', 'Dolorum veritatis similique. Quisquam dolor amet libero perferendis optio aperiam pariatur hic occaecati. Repudiandae debitis eius expedita ducimus laborum nesciunt recusandae distinctio. Facilis enim dolore quae quas est ab animi commodi delectus.', 'japanese'),
    ('4323325093951', 'provident earum ullam similique quis', 'Penguin Random House', '326', 'Atque non voluptas fuga pariatur fugiat explicabo at dolorem similique. Ratione tempore nam explicabo. Nihil eligendi deserunt totam accusantium hic maiores quaerat.', 'japanese'),
    ('4323953368293', 'quaerat nisi', 'Hachette Book Group', '51', 'Odio corrupti perspiciatis iure voluptatum aperiam harum. Earum suscipit quibusdam perferendis iure mollitia ipsum quas dolorem eveniet. Impedit dolore ipsum cum omnis. Commodi aliquid dolorum.', 'english'),
    ('0792269458826', 'accusantium error rerum', 'Scholastic Corporation', '195', 'Ea enim expedita optio ad cupiditate cumque. Beatae occaecati cumque occaecati provident nam libero error.', 'russian'),
    ('6521172225947', 'tenetur ex', 'Vintage Books', '167', 'Enim fugit vero asperiores nemo dolor ut fugit. Ducimus quibusdam quos maxime fugiat. Veniam omnis hic voluptas perspiciatis. Reprehenderit veritatis sunt.', 'russian'),
    ('6585561802266', 'provident aliquid mollitia', 'Bloomsbury Academic', '425', 'Ducimus corrupti voluptas magni repellendus earum sapiente facere. Eligendi necessitatibus veniam. Dignissimos sit quam.', 'german'),
    ('8445471280327', 'repellat dolor deserunt laborum', 'Beacon Press', '246', 'Exercitationem quos placeat nobis temporibus maiores autem. Tenetur suscipit aliquam pariatur ex consequatur doloremque blanditiis dolores dignissimos. Repellat earum laudantium facere illo fugit pariatur mollitia. Soluta vitae quo iste ipsa molestiae minima minima ad.', 'greek'),
    ('1453255872826', 'laboriosam nisi nihil maiores rem', 'Random House', '122', 'Nesciunt saepe in enim. Corporis reprehenderit iste ipsa quam ut distinctio quis. Enim eum fuga dolor possimus quo voluptates officia. Minus amet numquam.', 'french'),
    ('3369537934949', 'nam nulla quod vitae', 'HarperCollins', '488', 'Eum possimus nemo nisi voluptate. Quaerat delectus eveniet voluptates laborum vitae nobis nostrum a unde.', 'english'),
    ('4658088752763', 'adipisci', 'Faber & Faber', '229', 'Facilis totam temporibus occaecati. Similique rem et optio quasi tempore quam quod vero asperiores. Nesciunt eius voluptatum rerum. Aspernatur vitae illum veritatis.', 'english'),
    ('7631740922100', 'vitae velit omnis ex tenetur', 'HarperCollins', '270', 'Minima eius ex tenetur assumenda. Voluptatibus rerum quas reprehenderit labore hic eaque corrupti. Ducimus deserunt occaecati hic magnam quas doloremque dolore adipisci cumque.', 'russian'),
    ('9668348488368', 'necessitatibus', 'Macmillan Publishers', '329', 'Voluptatum vitae vitae fugiat. Cum dolores repellendus minima incidunt. Odio consectetur veniam autem eos assumenda facere modi veritatis. Sint saepe debitis voluptate eius eos deserunt possimus.', 'german'),
    ('7642400551972', 'fugiat illo', 'Vintage Books', '109', 'Quod error repellat iure non blanditiis id sequi amet. Excepturi architecto itaque quam unde. Molestiae adipisci iure.', 'greek'),
    ('5824691894932', 'corporis recusandae explicabo eos quod', 'Random House', '439', 'Ipsam blanditiis rerum quam magni nam veniam laudantium odio aperiam. Quod reprehenderit numquam aspernatur aliquid. Nobis magni laudantium provident.', 'french'),
    ('8392613710134', 'sequi', 'Little, Brown and Company', '47', 'Officia beatae ducimus laudantium necessitatibus sed. Dignissimos nostrum tempora unde ex. Eveniet fuga officiis dignissimos commodi.', 'english'),
    ('9948387498412', 'eaque atque dolorem numquam', 'Beacon Press', '299', 'Facere error consequuntur veritatis mollitia. Commodi sequi corporis reprehenderit nemo tempora. Veniam magnam aut tempora. Recusandae sed sed aut ullam dolore est numquam saepe exercitationem.', 'japanese'),
    ('0388302252971', 'quod praesentium', 'Penguin Books', '416', 'Iusto placeat quis deserunt aliquid. Quibusdam iure sit tempora magnam facilis laborum adipisci expedita.', 'french'),
    ('5542576688822', 'soluta', 'Harlequin', '463', 'Officia praesentium totam inventore sequi voluptas esse. Minima odit voluptate esse ipsam ab quis repellat molestias.', 'german'),
    ('7562352877382', 'magnam similique', 'HarperCollins', '289', 'Nam eius veniam iure. Vitae necessitatibus voluptates nam itaque esse facere. Vero modi rerum pariatur voluptas ut totam.', 'german'),
    ('7645219854014', 'doloremque enim facilis consectetur', 'Penguin Random House', '495', 'Eligendi ut illum facilis placeat quidem. Repudiandae ducimus corporis ab deleniti ratione beatae quos animi nam. Distinctio consequatur cum quae debitis quos.', 'russian');

insert into book_author (id, first_name, last_name)
values
    ('1', 'Lilla', 'White'),
    ('2', 'Bart', 'Jacobs'),
    ('3', 'Summer', 'Torphy'),
    ('4', 'Assunta', 'Bartoletti'),
    ('5', 'Madelynn', 'Blanda'),
    ('6', 'Sammie', 'Purdy'),
    ('7', 'Herbert', 'Kub'),
    ('8', 'Maida', 'Kutch'),
    ('9', 'Alexis', 'Runte'),
    ('10', 'Delilah', 'Beahan'),
    ('11', 'Edna', 'Goldner'),
    ('12', 'Marisol', 'Marvin'),
    ('13', 'Sammie', 'Leannon'),
    ('14', 'Mollie', 'Price'),
    ('15', 'Bridgette', 'Reynolds'),
    ('16', 'Vergie', 'Kutch'),
    ('17', 'Nolan', 'Torp'),
    ('18', 'Norwood', 'Williamson-Dicki'),
    ('19', 'Arno', 'Medhurst-Schumm'),
    ('20', 'Emilie', 'Bergnaum'),
    ('21', 'Lafayette', 'Wilkinson'),
    ('22', 'Lilla', 'Herzog'),
    ('23', 'Cassie', 'O\'Reilly'),
    ('24', 'Mckenna', 'Fadel'),
    ('25', 'Amalia', 'Skiles-Donnelly'),
    ('26', 'Cleve', 'Tremblay'),
    ('27', 'Tiara', 'Schoen'),
    ('28', 'Nat', 'Wilkinson'),
    ('29', 'Alivia', 'Balistreri'),
    ('30', 'Adelbert', 'Connelly'),
    ('31', 'Gaston', 'Hirthe'),
    ('32', 'Wilfrid', 'McClure'),
    ('33', 'Raegan', 'Murphy'),
    ('34', 'Zane', 'Barton'),
    ('35', 'Preston', 'Considine'),
    ('36', 'Akeem', 'Bailey'),
    ('37', 'Garrick', 'Mertz'),
    ('38', 'Lauretta', 'Larkin'),
    ('39', 'Orland', 'Bradtke'),
    ('40', 'Carmel', 'Berge'),
    ('41', 'Dixie', 'Bayer'),
    ('42', 'Tyreek', 'Mitchell'),
    ('43', 'Tomasa', 'Schowalter'),
    ('44', 'Jeffry', 'Monahan-Grant'),
    ('45', 'Kenny', 'Haag'),
    ('46', 'Theresa', 'Turcotte'),
    ('47', 'Louvenia', 'Kessler'),
    ('48', 'Tre', 'Hickle'),
    ('49', 'Drew', 'Witting'),
    ('50', 'Genesis', 'Mertz'),
    ('51', 'Concepcion', 'McLaughlin'),
    ('52', 'Isai', 'Leannon'),
    ('53', 'Mona', 'Rath'),
    ('54', 'Jamar', 'Stracke'),
    ('55', 'Frida', 'Buckridge'),
    ('56', 'Karley', 'Kertzmann'),
    ('57', 'Braeden', 'Schroeder'),
    ('58', 'Brielle', 'Hayes'),
    ('59', 'Weldon', 'Parisian'),
    ('60', 'Katlyn', 'Carter'),
    ('61', 'Liliana', 'Rolfson'),
    ('62', 'Angelina', 'Mayert'),
    ('63', 'Pinkie', 'Schultz'),
    ('64', 'Morgan', 'Gerhold'),
    ('65', 'Agnes', 'Zemlak'),
    ('66', 'Herminio', 'Jaskolski'),
    ('67', 'Jeanie', 'Sawayn'),
    ('68', 'Alicia', 'Considine'),
    ('69', 'Doris', 'Simonis'),
    ('70', 'Dakota', 'Kuphal'),
    ('71', 'Madilyn', 'Keeling'),
    ('72', 'Shirley', 'Shanahan'),
    ('73', 'Sage', 'Daniel'),
    ('74', 'Elias', 'Schultz'),
    ('75', 'Julio', 'Armstrong'),
    ('76', 'Verona', 'Lynch'),
    ('77', 'Lorenz', 'Senger'),
    ('78', 'Alysha', 'Wyman'),
    ('79', 'Einar', 'Lang'),
    ('80', 'Berniece', 'Crooks-Nicolas');

insert into book_category (name)
values
    ('fiction'),
    ('nonfiction'),
    ('mystery'),
    ('thriller'),
    ('romance'),
    ('fantasy'),
    ('science fiction'),
    ('horror'),
    ('historical fiction'),
    ('biography'),
    ('autobiography'),
    ('travel'),
    ('cookbooks'),
    ('poetry'),
    ('drama'),
    ('comedy'),
    ('history'),
    ('science'),
    ('philosophy'),
    ('religion'),
    ('art'),
    ('music'),
    ('business'),
    ('finance'),
    ('technology'),
    ('psychology'),
    ('education'),
    ('sports'),
    ('children'),
    ('young adult');

insert into book_keyword (name)
values
    ('chosen one'),
    ('love triangle'),
    ('fish out of water'),
    ('dystopian society'),
    ('quest for revenge'),
    ('forbidden love'),
    ('coming of age'),
    ('hero\'s journey'),
    ('magical realism'),
    ('time travel'),
    ('parallel universes'),
    ('underdog story'),
    ('femme fatale'),
    ('rags to riches'),
    ('redemption arc'),
    ('villain protagonist'),
    ('hidden identity'),
    ('political intrigue'),
    ('family curse'),
    ('amnesia'),
    ('unreliable narrator'),
    ('artificial intelligence'),
    ('apocalyptic event'),
    ('supernatural powers'),
    ('haunted house'),
    ('epic battle'),
    ('lost civilization'),
    ('immortality'),
    ('space exploration'),
    ('betrayal');

insert into book_author_map (isbn, author_id)
values
    ('0873842106175', '33'),
    ('0873842106175', '4'),
    ('0619150906105', '5'),
    ('0506001882843', '34'),
    ('0506001882843', '35'),
    ('4765316845986', '43'),
    ('4528793875041', '61'),
    ('4528793875041', '40'),
    ('4528793875041', '25'),
    ('5980657083090', '28'),
    ('3483933695384', '77'),
    ('0354515259488', '43'),
    ('0354515259488', '71'),
    ('0354515259488', '46'),
    ('3556136256905', '63'),
    ('3556136256905', '36'),
    ('6982956291537', '70'),
    ('6982956291537', '29'),
    ('6982956291537', '11'),
    ('5322372383778', '27'),
    ('5322372383778', '11'),
    ('5322372383778', '23'),
    ('1962444842863', '42'),
    ('1962444842863', '21'),
    ('5659452551928', '57'),
    ('5659452551928', '78'),
    ('8140604367505', '5'),
    ('8140604367505', '71'),
    ('4763912543919', '51'),
    ('4763912543919', '26'),
    ('4763912543919', '79'),
    ('1196585421482', '79'),
    ('1196585421482', '2'),
    ('0407354781425', '17'),
    ('9398516930144', '72'),
    ('1803934896465', '73'),
    ('4901061120272', '51'),
    ('4901061120272', '57'),
    ('6847046194869', '10'),
    ('9934409262917', '34'),
    ('4397574592806', '79'),
    ('4397574592806', '54'),
    ('3493062200016', '25'),
    ('3493062200016', '50'),
    ('3493062200016', '77'),
    ('3998182796438', '14'),
    ('3998182796438', '62'),
    ('8331064842003', '44'),
    ('8331064842003', '75'),
    ('8331064842003', '55'),
    ('9570884873058', '73'),
    ('9570884873058', '20'),
    ('9570884873058', '47'),
    ('8991929272421', '63'),
    ('8991929272421', '79'),
    ('1948833944320', '54'),
    ('1948833944320', '6'),
    ('1948833944320', '20'),
    ('2944741203144', '56'),
    ('9455952239289', '4'),
    ('9455952239289', '35'),
    ('5803329933907', '61'),
    ('2958676677505', '5'),
    ('2958676677505', '25'),
    ('1024067359004', '19'),
    ('3755129398954', '10'),
    ('3755129398954', '61'),
    ('3755129398954', '11'),
    ('7431801583226', '14'),
    ('7431801583226', '48'),
    ('3811595784926', '36'),
    ('3811595784926', '72'),
    ('3811595784926', '9'),
    ('1834538803567', '20'),
    ('1834538803567', '1'),
    ('1834538803567', '5'),
    ('8856166905819', '14'),
    ('8856166905819', '73'),
    ('4337757803507', '38'),
    ('4337757803507', '67'),
    ('1081185275492', '3'),
    ('1081185275492', '57'),
    ('1081185275492', '74'),
    ('3545075082793', '16'),
    ('3545075082793', '38'),
    ('3545075082793', '58'),
    ('6495687633082', '31'),
    ('6495687633082', '20'),
    ('1993430674816', '3'),
    ('9413080215676', '80'),
    ('9413080215676', '26'),
    ('9191677450041', '17'),
    ('9191677450041', '18'),
    ('9191677450041', '52'),
    ('1993234705893', '59'),
    ('1993234705893', '48'),
    ('1478600095825', '70'),
    ('8702604154749', '20'),
    ('8702604154749', '29'),
    ('7535719512355', '8'),
    ('7535719512355', '40'),
    ('6035102283299', '41'),
    ('2647474301069', '11'),
    ('2647474301069', '10'),
    ('1937451767593', '31'),
    ('7505619350618', '3'),
    ('7505619350618', '65'),
    ('5322552685977', '49'),
    ('3687466145150', '60'),
    ('3687466145150', '40'),
    ('3687466145150', '43'),
    ('7617148294574', '73'),
    ('7063406924275', '7'),
    ('6309806469556', '51'),
    ('6309806469556', '35'),
    ('6309806469556', '14'),
    ('4798369738813', '64'),
    ('9289212971620', '19'),
    ('2577605366188', '72'),
    ('2577605366188', '24'),
    ('8502070207245', '75'),
    ('4570095359889', '68'),
    ('4570095359889', '14'),
    ('1191233835952', '1'),
    ('1191233835952', '22'),
    ('3621750746662', '59'),
    ('3621750746662', '55'),
    ('9477438043459', '9'),
    ('3445531019742', '7'),
    ('0822467198125', '66'),
    ('0822467198125', '47'),
    ('7233206131851', '61'),
    ('7636039434301', '52'),
    ('7636039434301', '27'),
    ('7636039434301', '67'),
    ('1042732513932', '42'),
    ('1042732513932', '67'),
    ('1042732513932', '66'),
    ('6893895503573', '7'),
    ('6893895503573', '71'),
    ('6920189865060', '24'),
    ('7332185669899', '80'),
    ('7332185669899', '13'),
    ('7332185669899', '9'),
    ('7263719636987', '4'),
    ('7263719636987', '79'),
    ('5326394665840', '22'),
    ('2763472260650', '71'),
    ('2763472260650', '59'),
    ('2763472260650', '63'),
    ('9540089035799', '67'),
    ('8201832216775', '36'),
    ('8201832216775', '32'),
    ('8201832216775', '49'),
    ('7612056101978', '20'),
    ('7612056101978', '5'),
    ('6781899347936', '46'),
    ('9001059728675', '59'),
    ('9001059728675', '5'),
    ('9327463793706', '33'),
    ('9327463793706', '56'),
    ('3558246116111', '29'),
    ('4472710672452', '43'),
    ('4472710672452', '52'),
    ('8132216682815', '79'),
    ('7980321304870', '48'),
    ('4505567421181', '76'),
    ('4505567421181', '35'),
    ('8738598974543', '51'),
    ('8738598974543', '33'),
    ('8871913674823', '58'),
    ('1381294849056', '15'),
    ('5268713442351', '62'),
    ('4139801320863', '51'),
    ('4139801320863', '52'),
    ('1214343083119', '73'),
    ('6852046853402', '6'),
    ('6852046853402', '8'),
    ('5086810911450', '50'),
    ('5086810911450', '75'),
    ('5086810911450', '15'),
    ('4542097360365', '65'),
    ('4542097360365', '31'),
    ('9712999816434', '2'),
    ('2202166055324', '62'),
    ('2202166055324', '55'),
    ('0319305330367', '1'),
    ('0319305330367', '6'),
    ('4323325093951', '44'),
    ('4323325093951', '27'),
    ('4323325093951', '7'),
    ('4323953368293', '60'),
    ('0792269458826', '65'),
    ('0792269458826', '55'),
    ('0792269458826', '4'),
    ('6521172225947', '17'),
    ('6521172225947', '43'),
    ('6585561802266', '46'),
    ('8445471280327', '61'),
    ('8445471280327', '17'),
    ('1453255872826', '57'),
    ('1453255872826', '75'),
    ('1453255872826', '51'),
    ('3369537934949', '63'),
    ('3369537934949', '30'),
    ('4658088752763', '52'),
    ('4658088752763', '18'),
    ('7631740922100', '63'),
    ('9668348488368', '13'),
    ('9668348488368', '78'),
    ('7642400551972', '50'),
    ('5824691894932', '2'),
    ('8392613710134', '36'),
    ('8392613710134', '13'),
    ('8392613710134', '77'),
    ('9948387498412', '1'),
    ('0388302252971', '25'),
    ('5542576688822', '32'),
    ('7562352877382', '44'),
    ('7562352877382', '30'),
    ('7562352877382', '7'),
    ('7645219854014', '63'),
    ('7645219854014', '4');

insert into book_category_map (isbn, category_name)
values
    ('0873842106175', 'art'),
    ('0873842106175', 'thriller'),
    ('0619150906105', 'fiction'),
    ('0619150906105', 'technology'),
    ('0619150906105', 'finance'),
    ('0619150906105', 'young adult'),
    ('0506001882843', 'drama'),
    ('0506001882843', 'psychology'),
    ('0506001882843', 'comedy'),
    ('4765316845986', 'psychology'),
    ('4765316845986', 'drama'),
    ('4528793875041', 'thriller'),
    ('5980657083090', 'mystery'),
    ('5980657083090', 'religion'),
    ('3483933695384', 'science'),
    ('0354515259488', 'nonfiction'),
    ('0354515259488', 'science'),
    ('0354515259488', 'technology'),
    ('0354515259488', 'cookbooks'),
    ('3556136256905', 'mystery'),
    ('3556136256905', 'horror'),
    ('3556136256905', 'education'),
    ('3556136256905', 'poetry'),
    ('6982956291537', 'drama'),
    ('6982956291537', 'cookbooks'),
    ('6982956291537', 'history'),
    ('5322372383778', 'mystery'),
    ('1962444842863', 'children'),
    ('1962444842863', 'fiction'),
    ('5659452551928', 'drama'),
    ('5659452551928', 'romance'),
    ('5659452551928', 'business'),
    ('8140604367505', 'science fiction'),
    ('8140604367505', 'education'),
    ('4763912543919', 'religion'),
    ('4763912543919', 'drama'),
    ('4763912543919', 'art'),
    ('4763912543919', 'philosophy'),
    ('1196585421482', 'travel'),
    ('1196585421482', 'music'),
    ('1196585421482', 'nonfiction'),
    ('1196585421482', 'sports'),
    ('0407354781425', 'finance'),
    ('0407354781425', 'art'),
    ('0407354781425', 'history'),
    ('9398516930144', 'drama'),
    ('9398516930144', 'mystery'),
    ('1803934896465', 'education'),
    ('4901061120272', 'nonfiction'),
    ('4901061120272', 'horror'),
    ('6847046194869', 'finance'),
    ('6847046194869', 'education'),
    ('6847046194869', 'business'),
    ('9934409262917', 'science fiction'),
    ('4397574592806', 'poetry'),
    ('4397574592806', 'cookbooks'),
    ('3493062200016', 'science fiction'),
    ('3493062200016', 'art'),
    ('3493062200016', 'fantasy'),
    ('3998182796438', 'thriller'),
    ('3998182796438', 'biography'),
    ('3998182796438', 'historical fiction'),
    ('8331064842003', 'comedy'),
    ('8331064842003', 'travel'),
    ('8331064842003', 'business'),
    ('9570884873058', 'education'),
    ('9570884873058', 'autobiography'),
    ('9570884873058', 'mystery'),
    ('9570884873058', 'history'),
    ('8991929272421', 'science fiction'),
    ('8991929272421', 'cookbooks'),
    ('1948833944320', 'children'),
    ('1948833944320', 'cookbooks'),
    ('1948833944320', 'religion'),
    ('2944741203144', 'music'),
    ('9455952239289', 'science fiction'),
    ('9455952239289', 'finance'),
    ('9455952239289', 'comedy'),
    ('9455952239289', 'philosophy'),
    ('5803329933907', 'nonfiction'),
    ('2958676677505', 'drama'),
    ('1024067359004', 'business'),
    ('3755129398954', 'mystery'),
    ('7431801583226', 'fantasy'),
    ('3811595784926', 'fantasy'),
    ('3811595784926', 'music'),
    ('3811595784926', 'science'),
    ('3811595784926', 'autobiography'),
    ('1834538803567', 'biography'),
    ('1834538803567', 'sports'),
    ('1834538803567', 'mystery'),
    ('8856166905819', 'psychology'),
    ('8856166905819', 'art'),
    ('4337757803507', 'sports'),
    ('1081185275492', 'art'),
    ('1081185275492', 'education'),
    ('1081185275492', 'science fiction'),
    ('3545075082793', 'philosophy'),
    ('3545075082793', 'romance'),
    ('3545075082793', 'art'),
    ('3545075082793', 'horror'),
    ('6495687633082', 'mystery'),
    ('6495687633082', 'education'),
    ('6495687633082', 'business'),
    ('1993430674816', 'children'),
    ('1993430674816', 'nonfiction'),
    ('1993430674816', 'biography'),
    ('9413080215676', 'education'),
    ('9413080215676', 'science'),
    ('9191677450041', 'fantasy'),
    ('1993234705893', 'art'),
    ('1993234705893', 'cookbooks'),
    ('1993234705893', 'autobiography'),
    ('1993234705893', 'nonfiction'),
    ('1478600095825', 'mystery'),
    ('8702604154749', 'horror'),
    ('8702604154749', 'psychology'),
    ('7535719512355', 'religion'),
    ('7535719512355', 'romance'),
    ('7535719512355', 'art'),
    ('7535719512355', 'history'),
    ('6035102283299', 'sports'),
    ('6035102283299', 'technology'),
    ('6035102283299', 'horror'),
    ('6035102283299', 'music'),
    ('2647474301069', 'travel'),
    ('1937451767593', 'finance'),
    ('1937451767593', 'psychology'),
    ('1937451767593', 'fantasy'),
    ('7505619350618', 'finance'),
    ('7505619350618', 'travel'),
    ('7505619350618', 'philosophy'),
    ('5322552685977', 'comedy'),
    ('5322552685977', 'art'),
    ('5322552685977', 'science fiction'),
    ('5322552685977', 'science'),
    ('3687466145150', 'historical fiction'),
    ('3687466145150', 'young adult'),
    ('3687466145150', 'history'),
    ('3687466145150', 'comedy'),
    ('7617148294574', 'mystery'),
    ('7617148294574', 'religion'),
    ('7617148294574', 'history'),
    ('7063406924275', 'music'),
    ('6309806469556', 'mystery'),
    ('6309806469556', 'romance'),
    ('6309806469556', 'education'),
    ('6309806469556', 'religion'),
    ('4798369738813', 'art'),
    ('4798369738813', 'horror'),
    ('4798369738813', 'religion'),
    ('4798369738813', 'poetry'),
    ('9289212971620', 'cookbooks'),
    ('9289212971620', 'art'),
    ('9289212971620', 'poetry'),
    ('9289212971620', 'children'),
    ('2577605366188', 'science'),
    ('8502070207245', 'mystery'),
    ('8502070207245', 'fantasy'),
    ('8502070207245', 'horror'),
    ('8502070207245', 'cookbooks'),
    ('4570095359889', 'sports'),
    ('4570095359889', 'travel'),
    ('4570095359889', 'fantasy'),
    ('4570095359889', 'science'),
    ('1191233835952', 'psychology'),
    ('1191233835952', 'music'),
    ('3621750746662', 'music'),
    ('9477438043459', 'poetry'),
    ('9477438043459', 'autobiography'),
    ('3445531019742', 'historical fiction'),
    ('0822467198125', 'children'),
    ('0822467198125', 'finance'),
    ('0822467198125', 'drama'),
    ('0822467198125', 'science fiction'),
    ('7233206131851', 'music'),
    ('7636039434301', 'romance'),
    ('7636039434301', 'technology'),
    ('7636039434301', 'poetry'),
    ('1042732513932', 'comedy'),
    ('1042732513932', 'religion'),
    ('6893895503573', 'biography'),
    ('6893895503573', 'history'),
    ('6893895503573', 'fantasy'),
    ('6920189865060', 'psychology'),
    ('7332185669899', 'horror'),
    ('7332185669899', 'nonfiction'),
    ('7332185669899', 'religion'),
    ('7332185669899', 'autobiography'),
    ('7263719636987', 'autobiography'),
    ('7263719636987', 'psychology'),
    ('5326394665840', 'thriller'),
    ('5326394665840', 'finance'),
    ('2763472260650', 'drama'),
    ('9540089035799', 'children'),
    ('9540089035799', 'business'),
    ('9540089035799', 'historical fiction'),
    ('8201832216775', 'business'),
    ('8201832216775', 'nonfiction'),
    ('7612056101978', 'sports'),
    ('6781899347936', 'psychology'),
    ('6781899347936', 'children'),
    ('6781899347936', 'history'),
    ('6781899347936', 'young adult'),
    ('9001059728675', 'psychology'),
    ('9327463793706', 'religion'),
    ('3558246116111', 'cookbooks'),
    ('4472710672452', 'children'),
    ('4472710672452', 'science fiction'),
    ('4472710672452', 'historical fiction'),
    ('4472710672452', 'biography'),
    ('8132216682815', 'technology'),
    ('8132216682815', 'music'),
    ('8132216682815', 'poetry'),
    ('8132216682815', 'horror'),
    ('7980321304870', 'nonfiction'),
    ('7980321304870', 'sports'),
    ('7980321304870', 'travel'),
    ('7980321304870', 'philosophy'),
    ('4505567421181', 'finance'),
    ('4505567421181', 'science fiction'),
    ('4505567421181', 'education'),
    ('8738598974543', 'science fiction'),
    ('8738598974543', 'science'),
    ('8738598974543', 'young adult'),
    ('8871913674823', 'poetry'),
    ('8871913674823', 'science'),
    ('8871913674823', 'biography'),
    ('8871913674823', 'education'),
    ('1381294849056', 'autobiography'),
    ('1381294849056', 'fantasy'),
    ('1381294849056', 'technology'),
    ('5268713442351', 'children'),
    ('4139801320863', 'psychology'),
    ('4139801320863', 'historical fiction'),
    ('1214343083119', 'sports'),
    ('1214343083119', 'romance'),
    ('6852046853402', 'philosophy'),
    ('5086810911450', 'mystery'),
    ('5086810911450', 'thriller'),
    ('4542097360365', 'science fiction'),
    ('9712999816434', 'technology'),
    ('9712999816434', 'thriller'),
    ('9712999816434', 'autobiography'),
    ('9712999816434', 'travel'),
    ('2202166055324', 'sports'),
    ('0319305330367', 'music'),
    ('0319305330367', 'psychology'),
    ('0319305330367', 'history'),
    ('4323325093951', 'mystery'),
    ('4323325093951', 'poetry'),
    ('4323325093951', 'nonfiction'),
    ('4323953368293', 'horror'),
    ('0792269458826', 'religion'),
    ('0792269458826', 'business'),
    ('0792269458826', 'cookbooks'),
    ('0792269458826', 'education'),
    ('6521172225947', 'technology'),
    ('6585561802266', 'psychology'),
    ('6585561802266', 'romance'),
    ('6585561802266', 'history'),
    ('8445471280327', 'mystery'),
    ('8445471280327', 'thriller'),
    ('8445471280327', 'art'),
    ('8445471280327', 'drama'),
    ('1453255872826', 'autobiography'),
    ('3369537934949', 'historical fiction'),
    ('3369537934949', 'religion'),
    ('4658088752763', 'drama'),
    ('4658088752763', 'travel'),
    ('4658088752763', 'finance'),
    ('7631740922100', 'religion'),
    ('9668348488368', 'cookbooks'),
    ('9668348488368', 'young adult'),
    ('9668348488368', 'religion'),
    ('9668348488368', 'children'),
    ('7642400551972', 'philosophy'),
    ('7642400551972', 'mystery'),
    ('5824691894932', 'drama'),
    ('8392613710134', 'psychology'),
    ('8392613710134', 'historical fiction'),
    ('8392613710134', 'religion'),
    ('8392613710134', 'children'),
    ('9948387498412', 'autobiography'),
    ('9948387498412', 'nonfiction'),
    ('0388302252971', 'biography'),
    ('0388302252971', 'fiction'),
    ('5542576688822', 'fantasy'),
    ('5542576688822', 'autobiography'),
    ('7562352877382', 'nonfiction'),
    ('7562352877382', 'religion'),
    ('7562352877382', 'romance'),
    ('7562352877382', 'history'),
    ('7645219854014', 'history'),
    ('7645219854014', 'sports'),
    ('7645219854014', 'finance');

insert into book_keyword_map (isbn, keyword_name)
values
    ('0873842106175', 'chosen one'),
    ('0873842106175', 'space exploration'),
    ('0873842106175', 'quest for revenge'),
    ('0619150906105', 'parallel universes'),
    ('0506001882843', 'parallel universes'),
    ('4765316845986', 'femme fatale'),
    ('4765316845986', 'betrayal'),
    ('4765316845986', 'family curse'),
    ('4528793875041', 'coming of age'),
    ('4528793875041', 'hero\'s journey'),
    ('5980657083090', 'hero\'s journey'),
    ('5980657083090', 'apocalyptic event'),
    ('5980657083090', 'villain protagonist'),
    ('5980657083090', 'lost civilization'),
    ('3483933695384', 'dystopian society'),
    ('3483933695384', 'parallel universes'),
    ('0354515259488', 'femme fatale'),
    ('3556136256905', 'underdog story'),
    ('3556136256905', 'lost civilization'),
    ('6982956291537', 'fish out of water'),
    ('6982956291537', 'supernatural powers'),
    ('6982956291537', 'magical realism'),
    ('5322372383778', 'artificial intelligence'),
    ('1962444842863', 'magical realism'),
    ('1962444842863', 'quest for revenge'),
    ('1962444842863', 'space exploration'),
    ('1962444842863', 'chosen one'),
    ('5659452551928', 'love triangle'),
    ('5659452551928', 'underdog story'),
    ('8140604367505', 'supernatural powers'),
    ('8140604367505', 'rags to riches'),
    ('8140604367505', 'femme fatale'),
    ('8140604367505', 'lost civilization'),
    ('4763912543919', 'supernatural powers'),
    ('1196585421482', 'hero\'s journey'),
    ('1196585421482', 'magical realism'),
    ('1196585421482', 'dystopian society'),
    ('0407354781425', 'political intrigue'),
    ('0407354781425', 'parallel universes'),
    ('0407354781425', 'dystopian society'),
    ('0407354781425', 'villain protagonist'),
    ('9398516930144', 'forbidden love'),
    ('9398516930144', 'chosen one'),
    ('9398516930144', 'hidden identity'),
    ('9398516930144', 'amnesia'),
    ('1803934896465', 'chosen one'),
    ('4901061120272', 'family curse'),
    ('4901061120272', 'immortality'),
    ('6847046194869', 'time travel'),
    ('9934409262917', 'lost civilization'),
    ('9934409262917', 'dystopian society'),
    ('9934409262917', 'coming of age'),
    ('4397574592806', 'coming of age'),
    ('4397574592806', 'lost civilization'),
    ('4397574592806', 'underdog story'),
    ('4397574592806', 'redemption arc'),
    ('3493062200016', 'lost civilization'),
    ('3493062200016', 'epic battle'),
    ('3493062200016', 'coming of age'),
    ('3493062200016', 'love triangle'),
    ('3998182796438', 'magical realism'),
    ('3998182796438', 'betrayal'),
    ('8331064842003', 'underdog story'),
    ('8331064842003', 'fish out of water'),
    ('8331064842003', 'magical realism'),
    ('9570884873058', 'underdog story'),
    ('8991929272421', 'haunted house'),
    ('8991929272421', 'love triangle'),
    ('8991929272421', 'dystopian society'),
    ('8991929272421', 'rags to riches'),
    ('1948833944320', 'political intrigue'),
    ('1948833944320', 'supernatural powers'),
    ('2944741203144', 'lost civilization'),
    ('9455952239289', 'space exploration'),
    ('5803329933907', 'unreliable narrator'),
    ('5803329933907', 'apocalyptic event'),
    ('5803329933907', 'rags to riches'),
    ('5803329933907', 'space exploration'),
    ('2958676677505', 'family curse'),
    ('2958676677505', 'artificial intelligence'),
    ('2958676677505', 'fish out of water'),
    ('2958676677505', 'chosen one'),
    ('1024067359004', 'magical realism'),
    ('1024067359004', 'amnesia'),
    ('3755129398954', 'dystopian society'),
    ('3755129398954', 'chosen one'),
    ('3755129398954', 'hidden identity'),
    ('3755129398954', 'supernatural powers'),
    ('7431801583226', 'family curse'),
    ('7431801583226', 'fish out of water'),
    ('7431801583226', 'forbidden love'),
    ('7431801583226', 'apocalyptic event'),
    ('3811595784926', 'love triangle'),
    ('3811595784926', 'redemption arc'),
    ('3811595784926', 'underdog story'),
    ('1834538803567', 'hero\'s journey'),
    ('1834538803567', 'epic battle'),
    ('1834538803567', 'apocalyptic event'),
    ('1834538803567', 'political intrigue'),
    ('8856166905819', 'betrayal'),
    ('8856166905819', 'unreliable narrator'),
    ('8856166905819', 'rags to riches'),
    ('8856166905819', 'love triangle'),
    ('4337757803507', 'redemption arc'),
    ('4337757803507', 'haunted house'),
    ('4337757803507', 'magical realism'),
    ('4337757803507', 'apocalyptic event'),
    ('1081185275492', 'unreliable narrator'),
    ('1081185275492', 'lost civilization'),
    ('3545075082793', 'coming of age'),
    ('3545075082793', 'love triangle'),
    ('6495687633082', 'redemption arc'),
    ('6495687633082', 'chosen one'),
    ('1993430674816', 'space exploration'),
    ('1993430674816', 'forbidden love'),
    ('1993430674816', 'magical realism'),
    ('9413080215676', 'parallel universes'),
    ('9413080215676', 'immortality'),
    ('9191677450041', 'hidden identity'),
    ('9191677450041', 'redemption arc'),
    ('9191677450041', 'lost civilization'),
    ('1993234705893', 'political intrigue'),
    ('1478600095825', 'space exploration'),
    ('8702604154749', 'rags to riches'),
    ('8702604154749', 'villain protagonist'),
    ('7535719512355', 'redemption arc'),
    ('7535719512355', 'rags to riches'),
    ('7535719512355', 'epic battle'),
    ('6035102283299', 'magical realism'),
    ('6035102283299', 'fish out of water'),
    ('6035102283299', 'rags to riches'),
    ('6035102283299', 'unreliable narrator'),
    ('2647474301069', 'time travel'),
    ('2647474301069', 'betrayal'),
    ('2647474301069', 'rags to riches'),
    ('2647474301069', 'space exploration'),
    ('1937451767593', 'villain protagonist'),
    ('7505619350618', 'parallel universes'),
    ('5322552685977', 'space exploration'),
    ('5322552685977', 'artificial intelligence'),
    ('5322552685977', 'lost civilization'),
    ('5322552685977', 'quest for revenge'),
    ('3687466145150', 'political intrigue'),
    ('3687466145150', 'artificial intelligence'),
    ('3687466145150', 'femme fatale'),
    ('7617148294574', 'immortality'),
    ('7063406924275', 'hidden identity'),
    ('7063406924275', 'magical realism'),
    ('7063406924275', 'amnesia'),
    ('7063406924275', 'haunted house'),
    ('6309806469556', 'underdog story'),
    ('6309806469556', 'femme fatale'),
    ('6309806469556', 'magical realism'),
    ('4798369738813', 'dystopian society'),
    ('9289212971620', 'artificial intelligence'),
    ('2577605366188', 'epic battle'),
    ('2577605366188', 'dystopian society'),
    ('2577605366188', 'chosen one'),
    ('2577605366188', 'quest for revenge'),
    ('8502070207245', 'underdog story'),
    ('8502070207245', 'villain protagonist'),
    ('8502070207245', 'betrayal'),
    ('8502070207245', 'hidden identity'),
    ('4570095359889', 'time travel'),
    ('4570095359889', 'hidden identity'),
    ('4570095359889', 'underdog story'),
    ('4570095359889', 'hero\'s journey'),
    ('1191233835952', 'apocalyptic event'),
    ('1191233835952', 'artificial intelligence'),
    ('1191233835952', 'forbidden love'),
    ('3621750746662', 'love triangle'),
    ('9477438043459', 'coming of age'),
    ('9477438043459', 'artificial intelligence'),
    ('3445531019742', 'amnesia'),
    ('3445531019742', 'immortality'),
    ('3445531019742', 'chosen one'),
    ('0822467198125', 'hero\'s journey'),
    ('7233206131851', 'fish out of water'),
    ('7233206131851', 'family curse'),
    ('7636039434301', 'amnesia'),
    ('7636039434301', 'lost civilization'),
    ('7636039434301', 'haunted house'),
    ('7636039434301', 'rags to riches'),
    ('1042732513932', 'coming of age'),
    ('6893895503573', 'immortality'),
    ('6893895503573', 'parallel universes'),
    ('6893895503573', 'epic battle'),
    ('6893895503573', 'redemption arc'),
    ('6920189865060', 'haunted house'),
    ('7332185669899', 'haunted house'),
    ('7263719636987', 'parallel universes'),
    ('7263719636987', 'quest for revenge'),
    ('5326394665840', 'love triangle'),
    ('5326394665840', 'amnesia'),
    ('5326394665840', 'unreliable narrator'),
    ('2763472260650', 'forbidden love'),
    ('9540089035799', 'space exploration'),
    ('8201832216775', 'villain protagonist'),
    ('8201832216775', 'haunted house'),
    ('8201832216775', 'unreliable narrator'),
    ('8201832216775', 'femme fatale'),
    ('7612056101978', 'rags to riches'),
    ('7612056101978', 'magical realism'),
    ('7612056101978', 'space exploration'),
    ('7612056101978', 'epic battle'),
    ('6781899347936', 'villain protagonist'),
    ('6781899347936', 'political intrigue'),
    ('6781899347936', 'fish out of water'),
    ('6781899347936', 'hero\'s journey'),
    ('9001059728675', 'political intrigue'),
    ('9001059728675', 'underdog story'),
    ('9001059728675', 'magical realism'),
    ('9327463793706', 'fish out of water'),
    ('3558246116111', 'dystopian society'),
    ('3558246116111', 'unreliable narrator'),
    ('3558246116111', 'betrayal'),
    ('3558246116111', 'chosen one'),
    ('4472710672452', 'family curse'),
    ('4472710672452', 'love triangle'),
    ('8132216682815', 'time travel'),
    ('7980321304870', 'artificial intelligence'),
    ('7980321304870', 'fish out of water'),
    ('7980321304870', 'femme fatale'),
    ('7980321304870', 'space exploration'),
    ('4505567421181', 'hidden identity'),
    ('4505567421181', 'redemption arc'),
    ('8738598974543', 'quest for revenge'),
    ('8738598974543', 'betrayal'),
    ('8871913674823', 'apocalyptic event'),
    ('1381294849056', 'time travel'),
    ('5268713442351', 'fish out of water'),
    ('4139801320863', 'villain protagonist'),
    ('4139801320863', 'quest for revenge'),
    ('4139801320863', 'underdog story'),
    ('1214343083119', 'amnesia'),
    ('6852046853402', 'hidden identity'),
    ('5086810911450', 'time travel'),
    ('4542097360365', 'time travel'),
    ('4542097360365', 'apocalyptic event'),
    ('4542097360365', 'hero\'s journey'),
    ('9712999816434', 'coming of age'),
    ('9712999816434', 'unreliable narrator'),
    ('9712999816434', 'hidden identity'),
    ('2202166055324', 'villain protagonist'),
    ('2202166055324', 'haunted house'),
    ('2202166055324', 'immortality'),
    ('0319305330367', 'artificial intelligence'),
    ('0319305330367', 'family curse'),
    ('4323325093951', 'epic battle'),
    ('4323325093951', 'hidden identity'),
    ('4323325093951', 'magical realism'),
    ('4323953368293', 'apocalyptic event'),
    ('4323953368293', 'coming of age'),
    ('4323953368293', 'lost civilization'),
    ('4323953368293', 'love triangle'),
    ('0792269458826', 'love triangle'),
    ('6521172225947', 'time travel'),
    ('6521172225947', 'femme fatale'),
    ('6585561802266', 'epic battle'),
    ('8445471280327', 'redemption arc'),
    ('8445471280327', 'epic battle'),
    ('1453255872826', 'parallel universes'),
    ('3369537934949', 'amnesia'),
    ('3369537934949', 'villain protagonist'),
    ('3369537934949', 'hero\'s journey'),
    ('3369537934949', 'love triangle'),
    ('4658088752763', 'hidden identity'),
    ('4658088752763', 'chosen one'),
    ('4658088752763', 'magical realism'),
    ('4658088752763', 'fish out of water'),
    ('7631740922100', 'lost civilization'),
    ('7631740922100', 'hero\'s journey'),
    ('7631740922100', 'amnesia'),
    ('7631740922100', 'betrayal'),
    ('9668348488368', 'supernatural powers'),
    ('9668348488368', 'villain protagonist'),
    ('9668348488368', 'betrayal'),
    ('9668348488368', 'coming of age'),
    ('7642400551972', 'rags to riches'),
    ('7642400551972', 'coming of age'),
    ('5824691894932', 'love triangle'),
    ('8392613710134', 'unreliable narrator'),
    ('8392613710134', 'redemption arc'),
    ('8392613710134', 'parallel universes'),
    ('9948387498412', 'dystopian society'),
    ('9948387498412', 'time travel'),
    ('0388302252971', 'rags to riches'),
    ('5542576688822', 'haunted house'),
    ('5542576688822', 'epic battle'),
    ('5542576688822', 'amnesia'),
    ('5542576688822', 'forbidden love'),
    ('7562352877382', 'amnesia'),
    ('7562352877382', 'space exploration'),
    ('7562352877382', 'love triangle'),
    ('7562352877382', 'artificial intelligence'),
    ('7645219854014', 'forbidden love'),
    ('7645219854014', 'fish out of water');

insert into book_belonging (isbn, school_name, total_copies_count)
values
    ('0873842106175', 'University of Piraeus', '1'),
    ('0873842106175', 'Aristotle University of Thessaloniki', '6'),
    ('0873842106175', 'National and Kapodistrian University of Athens', '4'),
    ('0873842106175', 'National Technical University of Athens', '11'),
    ('0873842106175', 'University Of Patras', '15'),
    ('0619150906105', 'University of Piraeus', '8'),
    ('0619150906105', 'Aristotle University of Thessaloniki', '4'),
    ('0619150906105', 'National Technical University of Athens', '10'),
    ('0619150906105', 'University of West Attica', '11'),
    ('0619150906105', 'University Of Patras', '8'),
    ('0619150906105', 'Athens University of Economics and Business', '11'),
    ('0619150906105', 'University of Crete', '13'),
    ('0506001882843', 'Athens University of Economics and Business', '3'),
    ('0506001882843', 'University of Crete', '1'),
    ('0506001882843', 'Aristotle University of Thessaloniki', '14'),
    ('0506001882843', 'National and Kapodistrian University of Athens', '2'),
    ('0506001882843', 'National Technical University of Athens', '8'),
    ('0506001882843', 'University of West Attica', '13'),
    ('0506001882843', 'University of Piraeus', '2'),
    ('0506001882843', 'University Of Patras', '7'),
    ('4765316845986', 'University of Piraeus', '15'),
    ('4765316845986', 'Athens University of Economics and Business', '15'),
    ('4765316845986', 'National and Kapodistrian University of Athens', '14'),
    ('4765316845986', 'National Technical University of Athens', '13'),
    ('4765316845986', 'University of West Attica', '6'),
    ('4765316845986', 'Aristotle University of Thessaloniki', '15'),
    ('4528793875041', 'University of Piraeus', '10'),
    ('4528793875041', 'Aristotle University of Thessaloniki', '2'),
    ('4528793875041', 'National Technical University of Athens', '7'),
    ('4528793875041', 'University of Crete', '1'),
    ('4528793875041', 'University of West Attica', '6'),
    ('4528793875041', 'National and Kapodistrian University of Athens', '5'),
    ('4528793875041', 'Athens University of Economics and Business', '13'),
    ('4528793875041', 'University Of Patras', '2'),
    ('5980657083090', 'Athens University of Economics and Business', '2'),
    ('5980657083090', 'University Of Patras', '11'),
    ('5980657083090', 'National Technical University of Athens', '1'),
    ('5980657083090', 'University of Crete', '4'),
    ('5980657083090', 'National and Kapodistrian University of Athens', '2'),
    ('5980657083090', 'University of Piraeus', '5'),
    ('5980657083090', 'University of West Attica', '3'),
    ('3483933695384', 'University of Crete', '4'),
    ('3483933695384', 'University of West Attica', '12'),
    ('0354515259488', 'University of Piraeus', '7'),
    ('3556136256905', 'Athens University of Economics and Business', '5'),
    ('3556136256905', 'National Technical University of Athens', '8'),
    ('3556136256905', 'University of West Attica', '8'),
    ('3556136256905', 'University of Crete', '15'),
    ('3556136256905', 'National and Kapodistrian University of Athens', '15'),
    ('6982956291537', 'Athens University of Economics and Business', '3'),
    ('6982956291537', 'University of Piraeus', '5'),
    ('6982956291537', 'University of Crete', '3'),
    ('6982956291537', 'National and Kapodistrian University of Athens', '6'),
    ('6982956291537', 'University Of Patras', '9'),
    ('6982956291537', 'University of West Attica', '9'),
    ('6982956291537', 'Aristotle University of Thessaloniki', '9'),
    ('5322372383778', 'National Technical University of Athens', '9'),
    ('5322372383778', 'University of Crete', '9'),
    ('5322372383778', 'National and Kapodistrian University of Athens', '4'),
    ('5322372383778', 'University Of Patras', '3'),
    ('5322372383778', 'Athens University of Economics and Business', '16'),
    ('1962444842863', 'University of West Attica', '6'),
    ('1962444842863', 'Aristotle University of Thessaloniki', '15'),
    ('1962444842863', 'University of Crete', '13'),
    ('1962444842863', 'University Of Patras', '3'),
    ('1962444842863', 'Athens University of Economics and Business', '10'),
    ('1962444842863', 'University of Piraeus', '4'),
    ('1962444842863', 'National and Kapodistrian University of Athens', '6'),
    ('1962444842863', 'National Technical University of Athens', '4'),
    ('5659452551928', 'Athens University of Economics and Business', '5'),
    ('5659452551928', 'Aristotle University of Thessaloniki', '7'),
    ('5659452551928', 'University of Piraeus', '16'),
    ('5659452551928', 'National Technical University of Athens', '2'),
    ('5659452551928', 'National and Kapodistrian University of Athens', '10'),
    ('8140604367505', 'National Technical University of Athens', '12'),
    ('8140604367505', 'Aristotle University of Thessaloniki', '8'),
    ('8140604367505', 'University of Crete', '16'),
    ('8140604367505', 'University of West Attica', '10'),
    ('8140604367505', 'National and Kapodistrian University of Athens', '4'),
    ('8140604367505', 'Athens University of Economics and Business', '9'),
    ('4763912543919', 'Aristotle University of Thessaloniki', '4'),
    ('4763912543919', 'University of West Attica', '5'),
    ('1196585421482', 'Athens University of Economics and Business', '14'),
    ('1196585421482', 'University of West Attica', '10'),
    ('1196585421482', 'National and Kapodistrian University of Athens', '2'),
    ('0407354781425', 'University of Crete', '15'),
    ('0407354781425', 'University of Piraeus', '12'),
    ('0407354781425', 'Aristotle University of Thessaloniki', '16'),
    ('0407354781425', 'National and Kapodistrian University of Athens', '15'),
    ('0407354781425', 'University Of Patras', '15'),
    ('0407354781425', 'Athens University of Economics and Business', '12'),
    ('9398516930144', 'National and Kapodistrian University of Athens', '6'),
    ('9398516930144', 'Athens University of Economics and Business', '14'),
    ('9398516930144', 'University of Crete', '1'),
    ('9398516930144', 'University of Piraeus', '10'),
    ('9398516930144', 'University Of Patras', '13'),
    ('9398516930144', 'Aristotle University of Thessaloniki', '7'),
    ('1803934896465', 'National and Kapodistrian University of Athens', '12'),
    ('1803934896465', 'Athens University of Economics and Business', '14'),
    ('1803934896465', 'National Technical University of Athens', '9'),
    ('1803934896465', 'Aristotle University of Thessaloniki', '9'),
    ('4901061120272', 'Aristotle University of Thessaloniki', '8'),
    ('4901061120272', 'University of Piraeus', '5'),
    ('4901061120272', 'University of West Attica', '3'),
    ('6847046194869', 'Aristotle University of Thessaloniki', '3'),
    ('6847046194869', 'University of Piraeus', '15'),
    ('6847046194869', 'National Technical University of Athens', '9'),
    ('6847046194869', 'University of Crete', '16'),
    ('6847046194869', 'University Of Patras', '3'),
    ('9934409262917', 'Athens University of Economics and Business', '1'),
    ('9934409262917', 'National and Kapodistrian University of Athens', '13'),
    ('9934409262917', 'National Technical University of Athens', '5'),
    ('9934409262917', 'University of West Attica', '5'),
    ('9934409262917', 'Aristotle University of Thessaloniki', '15'),
    ('9934409262917', 'University Of Patras', '1'),
    ('9934409262917', 'University of Piraeus', '14'),
    ('9934409262917', 'University of Crete', '10'),
    ('4397574592806', 'University Of Patras', '15'),
    ('4397574592806', 'University of Piraeus', '4'),
    ('4397574592806', 'Athens University of Economics and Business', '2'),
    ('4397574592806', 'National Technical University of Athens', '4'),
    ('4397574592806', 'University of Crete', '8'),
    ('4397574592806', 'University of West Attica', '11'),
    ('4397574592806', 'Aristotle University of Thessaloniki', '14'),
    ('3493062200016', 'University Of Patras', '2'),
    ('3493062200016', 'National Technical University of Athens', '14'),
    ('3998182796438', 'National Technical University of Athens', '9'),
    ('3998182796438', 'Athens University of Economics and Business', '2'),
    ('3998182796438', 'University of Piraeus', '12'),
    ('3998182796438', 'University of West Attica', '12'),
    ('8331064842003', 'University Of Patras', '1'),
    ('8331064842003', 'National Technical University of Athens', '1'),
    ('8331064842003', 'National and Kapodistrian University of Athens', '7'),
    ('8331064842003', 'University of Piraeus', '7'),
    ('8331064842003', 'Aristotle University of Thessaloniki', '4'),
    ('8331064842003', 'University of West Attica', '16'),
    ('8331064842003', 'University of Crete', '12'),
    ('9570884873058', 'University Of Patras', '5'),
    ('9570884873058', 'Athens University of Economics and Business', '10'),
    ('9570884873058', 'University of Piraeus', '13'),
    ('9570884873058', 'National Technical University of Athens', '9'),
    ('9570884873058', 'Aristotle University of Thessaloniki', '10'),
    ('9570884873058', 'University of West Attica', '14'),
    ('8991929272421', 'University of Piraeus', '5'),
    ('8991929272421', 'Athens University of Economics and Business', '8'),
    ('8991929272421', 'University Of Patras', '12'),
    ('1948833944320', 'University of Piraeus', '15'),
    ('1948833944320', 'Athens University of Economics and Business', '16'),
    ('1948833944320', 'Aristotle University of Thessaloniki', '4'),
    ('1948833944320', 'University Of Patras', '10'),
    ('1948833944320', 'University of Crete', '1'),
    ('1948833944320', 'University of West Attica', '10'),
    ('1948833944320', 'National and Kapodistrian University of Athens', '9'),
    ('1948833944320', 'National Technical University of Athens', '15'),
    ('2944741203144', 'University of Piraeus', '11'),
    ('2944741203144', 'University Of Patras', '16'),
    ('2944741203144', 'Aristotle University of Thessaloniki', '4'),
    ('2944741203144', 'National Technical University of Athens', '10'),
    ('2944741203144', 'University of West Attica', '12'),
    ('2944741203144', 'National and Kapodistrian University of Athens', '5'),
    ('2944741203144', 'University of Crete', '8'),
    ('9455952239289', 'University of Crete', '13'),
    ('9455952239289', 'Aristotle University of Thessaloniki', '4'),
    ('9455952239289', 'University of West Attica', '13'),
    ('9455952239289', 'Athens University of Economics and Business', '9'),
    ('9455952239289', 'University of Piraeus', '11'),
    ('9455952239289', 'National Technical University of Athens', '4'),
    ('9455952239289', 'National and Kapodistrian University of Athens', '5'),
    ('5803329933907', 'University of West Attica', '5'),
    ('5803329933907', 'University Of Patras', '13'),
    ('5803329933907', 'Aristotle University of Thessaloniki', '15'),
    ('5803329933907', 'Athens University of Economics and Business', '10'),
    ('2958676677505', 'Aristotle University of Thessaloniki', '8'),
    ('2958676677505', 'National Technical University of Athens', '5'),
    ('1024067359004', 'University of West Attica', '13'),
    ('1024067359004', 'Athens University of Economics and Business', '1'),
    ('1024067359004', 'University of Piraeus', '2'),
    ('3755129398954', 'University of Crete', '10'),
    ('3755129398954', 'National and Kapodistrian University of Athens', '9'),
    ('3755129398954', 'University of West Attica', '12'),
    ('3755129398954', 'Aristotle University of Thessaloniki', '16'),
    ('3755129398954', 'National Technical University of Athens', '13'),
    ('3755129398954', 'University Of Patras', '1'),
    ('3755129398954', 'Athens University of Economics and Business', '13'),
    ('7431801583226', 'National Technical University of Athens', '5'),
    ('7431801583226', 'Athens University of Economics and Business', '13'),
    ('7431801583226', 'Aristotle University of Thessaloniki', '14'),
    ('7431801583226', 'University of Crete', '6'),
    ('3811595784926', 'University of Crete', '12'),
    ('3811595784926', 'University of West Attica', '16'),
    ('3811595784926', 'University of Piraeus', '4'),
    ('3811595784926', 'University Of Patras', '7'),
    ('3811595784926', 'National and Kapodistrian University of Athens', '14'),
    ('1834538803567', 'Aristotle University of Thessaloniki', '4'),
    ('1834538803567', 'University of West Attica', '2'),
    ('1834538803567', 'University of Piraeus', '9'),
    ('1834538803567', 'National Technical University of Athens', '5'),
    ('1834538803567', 'National and Kapodistrian University of Athens', '4'),
    ('8856166905819', 'Athens University of Economics and Business', '13'),
    ('8856166905819', 'National Technical University of Athens', '10'),
    ('8856166905819', 'University of Piraeus', '9'),
    ('8856166905819', 'Aristotle University of Thessaloniki', '2'),
    ('8856166905819', 'National and Kapodistrian University of Athens', '15'),
    ('8856166905819', 'University of Crete', '10'),
    ('4337757803507', 'Athens University of Economics and Business', '4'),
    ('4337757803507', 'University of Piraeus', '10'),
    ('4337757803507', 'National Technical University of Athens', '5'),
    ('4337757803507', 'University of Crete', '10'),
    ('4337757803507', 'Aristotle University of Thessaloniki', '3'),
    ('1081185275492', 'National Technical University of Athens', '16'),
    ('3545075082793', 'University of West Attica', '10'),
    ('3545075082793', 'Athens University of Economics and Business', '1'),
    ('3545075082793', 'National and Kapodistrian University of Athens', '2'),
    ('3545075082793', 'Aristotle University of Thessaloniki', '12'),
    ('3545075082793', 'University of Crete', '14'),
    ('6495687633082', 'University of Piraeus', '11'),
    ('6495687633082', 'University of West Attica', '6'),
    ('6495687633082', 'National and Kapodistrian University of Athens', '15'),
    ('1993430674816', 'University of Crete', '6'),
    ('1993430674816', 'National Technical University of Athens', '2'),
    ('1993430674816', 'Athens University of Economics and Business', '11'),
    ('9413080215676', 'University Of Patras', '14'),
    ('9413080215676', 'University of West Attica', '11'),
    ('9413080215676', 'University of Piraeus', '10'),
    ('9191677450041', 'University of Crete', '8'),
    ('9191677450041', 'Aristotle University of Thessaloniki', '3'),
    ('1993234705893', 'University of West Attica', '6'),
    ('1993234705893', 'Aristotle University of Thessaloniki', '6'),
    ('1993234705893', 'University of Piraeus', '10'),
    ('1993234705893', 'University Of Patras', '4'),
    ('1993234705893', 'National and Kapodistrian University of Athens', '9'),
    ('1993234705893', 'University of Crete', '4'),
    ('1478600095825', 'Aristotle University of Thessaloniki', '4'),
    ('1478600095825', 'University of Piraeus', '7'),
    ('1478600095825', 'University of Crete', '11'),
    ('1478600095825', 'Athens University of Economics and Business', '7'),
    ('1478600095825', 'National and Kapodistrian University of Athens', '13'),
    ('1478600095825', 'National Technical University of Athens', '7'),
    ('8702604154749', 'University of West Attica', '9'),
    ('7535719512355', 'National Technical University of Athens', '3'),
    ('6035102283299', 'National and Kapodistrian University of Athens', '4'),
    ('6035102283299', 'National Technical University of Athens', '11'),
    ('6035102283299', 'University of Crete', '15'),
    ('6035102283299', 'University of West Attica', '15'),
    ('6035102283299', 'Aristotle University of Thessaloniki', '16'),
    ('2647474301069', 'Aristotle University of Thessaloniki', '16'),
    ('2647474301069', 'Athens University of Economics and Business', '7'),
    ('1937451767593', 'National and Kapodistrian University of Athens', '3'),
    ('1937451767593', 'University of Crete', '7'),
    ('1937451767593', 'University of Piraeus', '6'),
    ('1937451767593', 'University Of Patras', '15'),
    ('1937451767593', 'Athens University of Economics and Business', '4'),
    ('1937451767593', 'University of West Attica', '6'),
    ('1937451767593', 'National Technical University of Athens', '6'),
    ('1937451767593', 'Aristotle University of Thessaloniki', '9'),
    ('7505619350618', 'University Of Patras', '12'),
    ('7505619350618', 'National and Kapodistrian University of Athens', '2'),
    ('7505619350618', 'National Technical University of Athens', '9'),
    ('7505619350618', 'University of West Attica', '2'),
    ('7505619350618', 'Athens University of Economics and Business', '9'),
    ('7505619350618', 'University of Crete', '3'),
    ('5322552685977', 'University of Crete', '15'),
    ('5322552685977', 'National and Kapodistrian University of Athens', '13'),
    ('5322552685977', 'Aristotle University of Thessaloniki', '15'),
    ('5322552685977', 'University Of Patras', '14'),
    ('5322552685977', 'University of Piraeus', '2'),
    ('5322552685977', 'University of West Attica', '7'),
    ('5322552685977', 'National Technical University of Athens', '1'),
    ('3687466145150', 'National Technical University of Athens', '9'),
    ('3687466145150', 'Aristotle University of Thessaloniki', '4'),
    ('3687466145150', 'University of West Attica', '2'),
    ('3687466145150', 'University of Crete', '12'),
    ('3687466145150', 'National and Kapodistrian University of Athens', '10'),
    ('3687466145150', 'University Of Patras', '2'),
    ('3687466145150', 'Athens University of Economics and Business', '12'),
    ('7617148294574', 'University of West Attica', '3'),
    ('7617148294574', 'University of Piraeus', '12'),
    ('7617148294574', 'University of Crete', '6'),
    ('7617148294574', 'National and Kapodistrian University of Athens', '16'),
    ('7063406924275', 'Athens University of Economics and Business', '7'),
    ('7063406924275', 'University of West Attica', '5'),
    ('7063406924275', 'University of Crete', '12'),
    ('7063406924275', 'National Technical University of Athens', '1'),
    ('7063406924275', 'University Of Patras', '2'),
    ('7063406924275', 'National and Kapodistrian University of Athens', '5'),
    ('7063406924275', 'University of Piraeus', '5'),
    ('6309806469556', 'University of West Attica', '16'),
    ('4798369738813', 'Aristotle University of Thessaloniki', '11'),
    ('4798369738813', 'University of West Attica', '4'),
    ('4798369738813', 'University of Piraeus', '2'),
    ('4798369738813', 'National Technical University of Athens', '4'),
    ('4798369738813', 'National and Kapodistrian University of Athens', '2'),
    ('4798369738813', 'University Of Patras', '1'),
    ('4798369738813', 'Athens University of Economics and Business', '7'),
    ('9289212971620', 'National Technical University of Athens', '4'),
    ('9289212971620', 'University of Crete', '8'),
    ('9289212971620', 'University Of Patras', '5'),
    ('9289212971620', 'National and Kapodistrian University of Athens', '7'),
    ('9289212971620', 'University of West Attica', '5'),
    ('2577605366188', 'Athens University of Economics and Business', '15'),
    ('2577605366188', 'National Technical University of Athens', '5'),
    ('2577605366188', 'University of West Attica', '10'),
    ('2577605366188', 'University of Piraeus', '4'),
    ('2577605366188', 'University of Crete', '15'),
    ('2577605366188', 'Aristotle University of Thessaloniki', '5'),
    ('2577605366188', 'University Of Patras', '7'),
    ('2577605366188', 'National and Kapodistrian University of Athens', '14'),
    ('8502070207245', 'University of West Attica', '14'),
    ('8502070207245', 'University of Piraeus', '15'),
    ('8502070207245', 'Athens University of Economics and Business', '8'),
    ('4570095359889', 'University of Piraeus', '15'),
    ('4570095359889', 'University Of Patras', '3'),
    ('4570095359889', 'Athens University of Economics and Business', '1'),
    ('4570095359889', 'National and Kapodistrian University of Athens', '16'),
    ('4570095359889', 'National Technical University of Athens', '16'),
    ('4570095359889', 'University of West Attica', '11'),
    ('4570095359889', 'Aristotle University of Thessaloniki', '1'),
    ('1191233835952', 'University of Crete', '4'),
    ('1191233835952', 'University of Piraeus', '8'),
    ('3621750746662', 'Aristotle University of Thessaloniki', '15'),
    ('3621750746662', 'National and Kapodistrian University of Athens', '15'),
    ('3621750746662', 'University of West Attica', '11'),
    ('3621750746662', 'National Technical University of Athens', '8'),
    ('3621750746662', 'University of Piraeus', '6'),
    ('3621750746662', 'University of Crete', '7'),
    ('9477438043459', 'University of West Attica', '4'),
    ('9477438043459', 'Athens University of Economics and Business', '1'),
    ('9477438043459', 'University Of Patras', '1'),
    ('9477438043459', 'National and Kapodistrian University of Athens', '9'),
    ('9477438043459', 'National Technical University of Athens', '14'),
    ('9477438043459', 'University of Piraeus', '9'),
    ('9477438043459', 'Aristotle University of Thessaloniki', '10'),
    ('9477438043459', 'University of Crete', '7'),
    ('3445531019742', 'University of Crete', '12'),
    ('3445531019742', 'National and Kapodistrian University of Athens', '15'),
    ('3445531019742', 'Aristotle University of Thessaloniki', '16'),
    ('3445531019742', 'National Technical University of Athens', '16'),
    ('0822467198125', 'Athens University of Economics and Business', '5'),
    ('0822467198125', 'Aristotle University of Thessaloniki', '13'),
    ('0822467198125', 'National and Kapodistrian University of Athens', '5'),
    ('7233206131851', 'Aristotle University of Thessaloniki', '7'),
    ('7233206131851', 'University Of Patras', '16'),
    ('7636039434301', 'University of Crete', '1'),
    ('7636039434301', 'Aristotle University of Thessaloniki', '3'),
    ('7636039434301', 'Athens University of Economics and Business', '16'),
    ('1042732513932', 'National Technical University of Athens', '11'),
    ('1042732513932', 'University of West Attica', '1'),
    ('1042732513932', 'University Of Patras', '12'),
    ('1042732513932', 'University of Crete', '10'),
    ('1042732513932', 'Athens University of Economics and Business', '5'),
    ('1042732513932', 'University of Piraeus', '7'),
    ('1042732513932', 'Aristotle University of Thessaloniki', '6'),
    ('6893895503573', 'University of West Attica', '1'),
    ('6920189865060', 'University of Piraeus', '6'),
    ('6920189865060', 'University of West Attica', '12'),
    ('7332185669899', 'University Of Patras', '11'),
    ('7263719636987', 'University of West Attica', '16'),
    ('7263719636987', 'University of Crete', '12'),
    ('7263719636987', 'Athens University of Economics and Business', '16'),
    ('7263719636987', 'Aristotle University of Thessaloniki', '2'),
    ('5326394665840', 'Athens University of Economics and Business', '8'),
    ('5326394665840', 'Aristotle University of Thessaloniki', '12'),
    ('5326394665840', 'University of Crete', '9'),
    ('5326394665840', 'University Of Patras', '15'),
    ('5326394665840', 'University of Piraeus', '11'),
    ('2763472260650', 'Aristotle University of Thessaloniki', '10'),
    ('9540089035799', 'University Of Patras', '16'),
    ('9540089035799', 'University of Crete', '6'),
    ('9540089035799', 'Athens University of Economics and Business', '10'),
    ('9540089035799', 'National and Kapodistrian University of Athens', '11'),
    ('8201832216775', 'Athens University of Economics and Business', '2'),
    ('8201832216775', 'National Technical University of Athens', '16'),
    ('8201832216775', 'University of Piraeus', '7'),
    ('8201832216775', 'University of West Attica', '2'),
    ('8201832216775', 'Aristotle University of Thessaloniki', '6'),
    ('8201832216775', 'University of Crete', '15'),
    ('8201832216775', 'National and Kapodistrian University of Athens', '3'),
    ('7612056101978', 'National Technical University of Athens', '16'),
    ('7612056101978', 'University Of Patras', '1'),
    ('7612056101978', 'University of Piraeus', '1'),
    ('7612056101978', 'Athens University of Economics and Business', '3'),
    ('7612056101978', 'University of Crete', '15'),
    ('6781899347936', 'Aristotle University of Thessaloniki', '7'),
    ('6781899347936', 'University of West Attica', '15'),
    ('6781899347936', 'University of Piraeus', '7'),
    ('6781899347936', 'University of Crete', '3'),
    ('9001059728675', 'National and Kapodistrian University of Athens', '4'),
    ('9001059728675', 'University of West Attica', '14'),
    ('9001059728675', 'Athens University of Economics and Business', '12'),
    ('9001059728675', 'Aristotle University of Thessaloniki', '15'),
    ('9001059728675', 'University of Piraeus', '1'),
    ('9001059728675', 'National Technical University of Athens', '3'),
    ('9001059728675', 'University Of Patras', '4'),
    ('9001059728675', 'University of Crete', '10'),
    ('9327463793706', 'University of Piraeus', '9'),
    ('9327463793706', 'National Technical University of Athens', '11'),
    ('9327463793706', 'Athens University of Economics and Business', '4'),
    ('9327463793706', 'University Of Patras', '14'),
    ('9327463793706', 'Aristotle University of Thessaloniki', '8'),
    ('9327463793706', 'National and Kapodistrian University of Athens', '16'),
    ('9327463793706', 'University of Crete', '7'),
    ('3558246116111', 'University of West Attica', '8'),
    ('3558246116111', 'University of Piraeus', '11'),
    ('3558246116111', 'Athens University of Economics and Business', '16'),
    ('3558246116111', 'University of Crete', '8'),
    ('3558246116111', 'National Technical University of Athens', '8'),
    ('3558246116111', 'University Of Patras', '8'),
    ('3558246116111', 'Aristotle University of Thessaloniki', '9'),
    ('3558246116111', 'National and Kapodistrian University of Athens', '10'),
    ('4472710672452', 'University of Piraeus', '1'),
    ('4472710672452', 'National Technical University of Athens', '13'),
    ('4472710672452', 'Athens University of Economics and Business', '5'),
    ('4472710672452', 'University of Crete', '7'),
    ('8132216682815', 'National Technical University of Athens', '10'),
    ('8132216682815', 'National and Kapodistrian University of Athens', '7'),
    ('8132216682815', 'Aristotle University of Thessaloniki', '3'),
    ('8132216682815', 'University Of Patras', '4'),
    ('8132216682815', 'University of Piraeus', '5'),
    ('8132216682815', 'Athens University of Economics and Business', '14'),
    ('7980321304870', 'Athens University of Economics and Business', '10'),
    ('7980321304870', 'National Technical University of Athens', '11'),
    ('7980321304870', 'University of Crete', '12'),
    ('7980321304870', 'National and Kapodistrian University of Athens', '4'),
    ('7980321304870', 'University Of Patras', '13'),
    ('4505567421181', 'National and Kapodistrian University of Athens', '2'),
    ('8738598974543', 'National and Kapodistrian University of Athens', '3'),
    ('8871913674823', 'Aristotle University of Thessaloniki', '16'),
    ('8871913674823', 'University of Piraeus', '6'),
    ('1381294849056', 'Aristotle University of Thessaloniki', '3'),
    ('1381294849056', 'University of Crete', '16'),
    ('1381294849056', 'National Technical University of Athens', '14'),
    ('1381294849056', 'University of West Attica', '14'),
    ('1381294849056', 'National and Kapodistrian University of Athens', '3'),
    ('1381294849056', 'University Of Patras', '3'),
    ('5268713442351', 'University of Crete', '1'),
    ('4139801320863', 'University of Piraeus', '5'),
    ('4139801320863', 'Aristotle University of Thessaloniki', '11'),
    ('1214343083119', 'National and Kapodistrian University of Athens', '12'),
    ('1214343083119', 'University Of Patras', '2'),
    ('1214343083119', 'University of Crete', '4'),
    ('1214343083119', 'University of Piraeus', '16'),
    ('1214343083119', 'University of West Attica', '7'),
    ('1214343083119', 'Aristotle University of Thessaloniki', '5'),
    ('1214343083119', 'Athens University of Economics and Business', '5'),
    ('6852046853402', 'Athens University of Economics and Business', '11'),
    ('6852046853402', 'National and Kapodistrian University of Athens', '3'),
    ('6852046853402', 'University of West Attica', '12'),
    ('6852046853402', 'Aristotle University of Thessaloniki', '8'),
    ('6852046853402', 'University of Piraeus', '1'),
    ('6852046853402', 'University of Crete', '10'),
    ('5086810911450', 'National and Kapodistrian University of Athens', '2'),
    ('5086810911450', 'University of Piraeus', '8'),
    ('5086810911450', 'University Of Patras', '8'),
    ('5086810911450', 'National Technical University of Athens', '9'),
    ('5086810911450', 'Athens University of Economics and Business', '14'),
    ('5086810911450', 'University of West Attica', '12'),
    ('5086810911450', 'University of Crete', '10'),
    ('5086810911450', 'Aristotle University of Thessaloniki', '4'),
    ('4542097360365', 'National and Kapodistrian University of Athens', '9'),
    ('4542097360365', 'University of Piraeus', '4'),
    ('9712999816434', 'National and Kapodistrian University of Athens', '10'),
    ('9712999816434', 'National Technical University of Athens', '3'),
    ('2202166055324', 'Athens University of Economics and Business', '16'),
    ('2202166055324', 'National and Kapodistrian University of Athens', '4'),
    ('2202166055324', 'University Of Patras', '1'),
    ('2202166055324', 'University of Piraeus', '6'),
    ('0319305330367', 'National and Kapodistrian University of Athens', '11'),
    ('0319305330367', 'University Of Patras', '2'),
    ('0319305330367', 'Athens University of Economics and Business', '7'),
    ('0319305330367', 'University of Crete', '1'),
    ('0319305330367', 'National Technical University of Athens', '9'),
    ('0319305330367', 'University of West Attica', '15'),
    ('0319305330367', 'University of Piraeus', '15'),
    ('0319305330367', 'Aristotle University of Thessaloniki', '2'),
    ('4323325093951', 'University of Piraeus', '4'),
    ('4323325093951', 'University of Crete', '4'),
    ('4323953368293', 'University of West Attica', '12'),
    ('0792269458826', 'University of Crete', '16'),
    ('6521172225947', 'University of West Attica', '14'),
    ('6521172225947', 'Aristotle University of Thessaloniki', '7'),
    ('6521172225947', 'University of Piraeus', '16'),
    ('6521172225947', 'Athens University of Economics and Business', '6'),
    ('6585561802266', 'University of Crete', '11'),
    ('6585561802266', 'National Technical University of Athens', '13'),
    ('6585561802266', 'Aristotle University of Thessaloniki', '10'),
    ('6585561802266', 'University of Piraeus', '7'),
    ('6585561802266', 'Athens University of Economics and Business', '9'),
    ('6585561802266', 'National and Kapodistrian University of Athens', '6'),
    ('8445471280327', 'University of Piraeus', '6'),
    ('8445471280327', 'National Technical University of Athens', '12'),
    ('8445471280327', 'University of Crete', '11'),
    ('8445471280327', 'University of West Attica', '6'),
    ('1453255872826', 'Aristotle University of Thessaloniki', '6'),
    ('3369537934949', 'University of Crete', '11'),
    ('3369537934949', 'University of Piraeus', '15'),
    ('3369537934949', 'National Technical University of Athens', '11'),
    ('4658088752763', 'National Technical University of Athens', '4'),
    ('4658088752763', 'Aristotle University of Thessaloniki', '4'),
    ('4658088752763', 'University of West Attica', '12'),
    ('4658088752763', 'University of Crete', '16'),
    ('4658088752763', 'Athens University of Economics and Business', '5'),
    ('7631740922100', 'University of Piraeus', '13'),
    ('7631740922100', 'National Technical University of Athens', '5'),
    ('9668348488368', 'University of Crete', '15'),
    ('9668348488368', 'University of Piraeus', '15'),
    ('7642400551972', 'University of Crete', '3'),
    ('7642400551972', 'National and Kapodistrian University of Athens', '3'),
    ('7642400551972', 'University of West Attica', '9'),
    ('5824691894932', 'University Of Patras', '3'),
    ('5824691894932', 'University of Crete', '16'),
    ('5824691894932', 'Aristotle University of Thessaloniki', '2'),
    ('5824691894932', 'University of Piraeus', '8'),
    ('5824691894932', 'National Technical University of Athens', '4'),
    ('5824691894932', 'Athens University of Economics and Business', '11'),
    ('5824691894932', 'University of West Attica', '15'),
    ('8392613710134', 'National and Kapodistrian University of Athens', '14'),
    ('8392613710134', 'University of Crete', '7'),
    ('9948387498412', 'University Of Patras', '1'),
    ('9948387498412', 'University of West Attica', '16'),
    ('9948387498412', 'University of Crete', '3'),
    ('9948387498412', 'National Technical University of Athens', '3'),
    ('9948387498412', 'National and Kapodistrian University of Athens', '13'),
    ('9948387498412', 'University of Piraeus', '7'),
    ('9948387498412', 'Athens University of Economics and Business', '2'),
    ('9948387498412', 'Aristotle University of Thessaloniki', '10'),
    ('0388302252971', 'University of Crete', '1'),
    ('0388302252971', 'National Technical University of Athens', '13'),
    ('0388302252971', 'Aristotle University of Thessaloniki', '9'),
    ('5542576688822', 'National and Kapodistrian University of Athens', '16'),
    ('5542576688822', 'University of West Attica', '3'),
    ('5542576688822', 'Aristotle University of Thessaloniki', '13'),
    ('7562352877382', 'Athens University of Economics and Business', '2'),
    ('7562352877382', 'University of Crete', '2'),
    ('7562352877382', 'National Technical University of Athens', '13'),
    ('7645219854014', 'University of Crete', '14'),
    ('7645219854014', 'University of Piraeus', '6'),
    ('7645219854014', 'Aristotle University of Thessaloniki', '14'),
    ('7645219854014', 'National and Kapodistrian University of Athens', '16');

insert into book_reservation (isbn, username, school_name, expiry_date)
values
    ('5086810911450', 'Domenico_McClure', 'National and Kapodistrian University of Athens', '2023-06-04'),
    ('5322372383778', 'Domenico_McClure', 'National and Kapodistrian University of Athens', '2023-05-28'),
    ('1937451767593', 'Rashad47', 'National and Kapodistrian University of Athens', '2023-05-22'),
    ('8871913674823', 'Keanu_Langworth99', 'Aristotle University of Thessaloniki', '2023-05-28'),
    ('9455952239289', 'Winnifred69', 'University of Crete', '2023-05-16'),
    ('1196585421482', 'Ova_Bradtke', 'Athens University of Economics and Business', '2023-05-23'),
    ('3687466145150', 'Tatyana51', 'National Technical University of Athens', '2023-06-02'),
    ('6521172225947', 'Ova_Bradtke', 'Athens University of Economics and Business', '2023-05-25'),
    ('9001059728675', 'Rolando_Nitzsche', 'National and Kapodistrian University of Athens', '2023-05-25'),
    ('5803329933907', 'Larissa.Hammes', 'University Of Patras', '2023-05-30'),
    ('4337757803507', 'Elmore.OReilly', 'Athens University of Economics and Business', '2023-05-16'),
    ('9948387498412', 'Dannie7', 'University Of Patras', '2023-05-17'),
    ('4528793875041', 'Margarett16', 'National Technical University of Athens', '2023-06-04'),
    ('7980321304870', 'Tatyana51', 'National Technical University of Athens', '2023-05-19'),
    ('5326394665840', 'Orlo7', 'University of Crete', '2023-05-30'),
    ('3558246116111', 'Shyanne32', 'University Of Patras', '2023-05-23'),
    ('4528793875041', 'Houston_DuBuque', 'University of West Attica', '2023-05-30'),
    ('9477438043459', 'Glenda.Borer36', 'National Technical University of Athens', '2023-05-28'),
    ('9289212971620', 'Katelynn_Rogahn', 'University of Crete', '2023-05-18'),
    ('1024067359004', 'Kenneth_Luettgen', 'University of Piraeus', '2023-05-20'),
    ('9289212971620', 'Houston_DuBuque', 'University of West Attica', '2023-05-31'),
    ('5086810911450', 'Winnifred69', 'University of Crete', '2023-05-20'),
    ('3558246116111', 'Edmond_McKenzie87', 'National Technical University of Athens', '2023-05-31'),
    ('5322552685977', 'Tremayne_Nader7', 'University of West Attica', '2023-05-23'),
    ('5086810911450', 'teacher', 'National Technical University of Athens', '2023-05-27'),
    ('0506001882843', 'Eudora.Cummerata', 'Aristotle University of Thessaloniki', '2023-06-02'),
    ('9289212971620', 'Rashad47', 'National and Kapodistrian University of Athens', '2023-05-25'),
    ('1993430674816', 'Glenda.Borer36', 'National Technical University of Athens', '2023-05-15'),
    ('5086810911450', 'Eudora.Cummerata', 'Aristotle University of Thessaloniki', '2023-06-03'),
    ('9477438043459', 'Ivah28', 'University of West Attica', '2023-06-03'),
    ('7263719636987', 'Twila.Hudson', 'Athens University of Economics and Business', '2023-06-04'),
    ('1214343083119', 'Breana_Zemlak', 'National and Kapodistrian University of Athens', '2023-05-24'),
    ('4901061120272', 'Ivah28', 'University of West Attica', '2023-05-23'),
    ('9477438043459', 'Margarett16', 'National Technical University of Athens', '2023-05-29'),
    ('1042732513932', 'Edmond_McKenzie87', 'National Technical University of Athens', '2023-05-27'),
    ('4901061120272', 'Loren.Keebler', 'Aristotle University of Thessaloniki', '2023-06-02'),
    ('1993234705893', 'Myrtice71', 'National and Kapodistrian University of Athens', '2023-05-16'),
    ('9477438043459', 'Lolita.Powlowski64', 'Aristotle University of Thessaloniki', '2023-06-01'),
    ('9712999816434', 'student', 'National Technical University of Athens', '2023-06-02'),
    ('3369537934949', 'Summer_Quigley88', 'National Technical University of Athens', '2023-05-22'),
    ('4337757803507', 'Lolita.Powlowski64', 'Aristotle University of Thessaloniki', '2023-05-22'),
    ('7980321304870', 'Assunta.Conn', 'University of Crete', '2023-05-24'),
    ('7612056101978', 'Chad.Batz45', 'University Of Patras', '2023-05-27'),
    ('5322552685977', 'Alayna.Haag0', 'National and Kapodistrian University of Athens', '2023-05-23'),
    ('9455952239289', 'Orlo7', 'University of Crete', '2023-05-22'),
    ('9934409262917', 'Kenneth_Luettgen', 'University of Piraeus', '2023-05-18'),
    ('4139801320863', 'Neal.Jast', 'Aristotle University of Thessaloniki', '2023-05-31'),
    ('9001059728675', 'Frida51', 'National Technical University of Athens', '2023-05-29'),
    ('6585561802266', 'Frida51', 'National Technical University of Athens', '2023-05-23'),
    ('8331064842003', 'Keenan28', 'Aristotle University of Thessaloniki', '2023-06-02');

insert into book_borrowing_active (isbn, username, operator_approver, school_name, borrowing_date, due_date)
values
    ('4397574592806', 'Caterina70', 'Stefan.Bins30', 'University of West Attica', '2023-05-26', '2023-06-11'),
    ('5803329933907', 'Loren.Keebler', 'Aliya1', 'Aristotle University of Thessaloniki', '2023-06-01', '2023-06-05'),
    ('8331064842003', 'Alayna.Haag0', 'Chadd_Olson50', 'National and Kapodistrian University of Athens', '2023-03-30', '2023-06-23'),
    ('3556136256905', 'Alfreda.Bauch44', 'operator', 'National Technical University of Athens', '2023-04-11', '2023-06-15'),
    ('5803329933907', 'Caterina70', 'Stefan.Bins30', 'University of West Attica', '2023-03-20', '2023-06-21'),
    ('6982956291537', 'Earnest_Russel', 'Aliya1', 'Aristotle University of Thessaloniki', '2023-03-23', '2023-06-13'),
    ('8331064842003', 'Angelica_Jenkins11', 'Chadd_Olson50', 'National and Kapodistrian University of Athens', '2023-06-04', '2023-06-09'),
    ('4397574592806', 'Jaunita59', 'Ashton93', 'University of Crete', '2023-05-19', '2023-06-14'),
    ('9540089035799', 'Rolando_Nitzsche', 'Chadd_Olson50', 'National and Kapodistrian University of Athens', '2023-05-25', '2023-06-07'),
    ('1993234705893', 'Bianka_Price19', 'Adan.Cummerata', 'University Of Patras', '2023-05-03', '2023-06-19'),
    ('9477438043459', 'Keenan28', 'Aliya1', 'Aristotle University of Thessaloniki', '2023-03-28', '2023-06-07'),
    ('9570884873058', 'Alfreda.Bauch44', 'operator', 'National Technical University of Athens', '2023-04-23', '2023-06-09'),
    ('0619150906105', 'Larissa.Hammes', 'Adan.Cummerata', 'University Of Patras', '2023-05-08', '2023-06-22'),
    ('8445471280327', 'Assunta.Conn', 'Ashton93', 'University of Crete', '2023-04-28', '2023-06-15'),
    ('7263719636987', 'Godfrey3', 'Stefan.Bins30', 'University of West Attica', '2023-03-20', '2023-06-23'),
    ('8856166905819', 'Marquise_Farrell97', 'Ashton93', 'University of Crete', '2023-04-26', '2023-06-21'),
    ('6982956291537', 'Roger83', 'Adan.Cummerata', 'University Of Patras', '2023-04-18', '2023-06-21'),
    ('5542576688822', 'Enos83', 'Stefan.Bins30', 'University of West Attica', '2023-05-23', '2023-06-06'),
    ('6309806469556', 'Enos83', 'Stefan.Bins30', 'University of West Attica', '2023-05-30', '2023-06-16'),
    ('8392613710134', 'Marquise_Farrell97', 'Ashton93', 'University of Crete', '2023-05-24', '2023-06-17'),
    ('7612056101978', 'Brittany41', 'Ashton93', 'University of Crete', '2023-04-16', '2023-06-21'),
    ('2763472260650', 'Elenora18', 'Aliya1', 'Aristotle University of Thessaloniki', '2023-04-03', '2023-06-20'),
    ('4570095359889', 'Roger83', 'Adan.Cummerata', 'University Of Patras', '2023-05-31', '2023-06-07'),
    ('2958676677505', 'Novella_Hartmann-Lubowitz28', 'Aliya1', 'Aristotle University of Thessaloniki', '2023-04-18', '2023-06-12'),
    ('5542576688822', 'Godfrey3', 'Stefan.Bins30', 'University of West Attica', '2023-05-03', '2023-06-14'),
    ('7535719512355', 'student', 'operator', 'National Technical University of Athens', '2023-04-07', '2023-06-19');

insert into book_borrowing_ended (isbn, username, operator_approver, school_name, borrowing_date)
values
    ('9289212971620', 'Shyanne32', 'Adan.Cummerata', 'University Of Patras', '2023-06-02'),
    ('9948387498412', 'Dannie7', 'Adan.Cummerata', 'University Of Patras', '2023-05-19'),
    ('3558246116111', 'Neal.Jast', 'Aliya1', 'Aristotle University of Thessaloniki', '2023-05-08'),
    ('8738598974543', 'Angelica_Jenkins11', 'Chadd_Olson50', 'National and Kapodistrian University of Athens', '2023-04-21'),
    ('4658088752763', 'Enos83', 'Stefan.Bins30', 'University of West Attica', '2023-04-04'),
    ('7505619350618', 'Dannie7', 'Adan.Cummerata', 'University Of Patras', '2023-04-18'),
    ('9398516930144', 'Keenan28', 'Aliya1', 'Aristotle University of Thessaloniki', '2023-05-31'),
    ('1948833944320', 'Jaunita59', 'Ashton93', 'University of Crete', '2023-04-19'),
    ('1993234705893', 'Chad.Batz45', 'Adan.Cummerata', 'University Of Patras', '2023-05-08'),
    ('9398516930144', 'Larissa.Hammes', 'Adan.Cummerata', 'University Of Patras', '2023-04-01'),
    ('7612056101978', 'Chad.Batz45', 'Adan.Cummerata', 'University Of Patras', '2023-04-20'),
    ('7617148294574', 'Enos83', 'Stefan.Bins30', 'University of West Attica', '2023-03-22'),
    ('4528793875041', 'Glenda.Borer36', 'operator', 'National Technical University of Athens', '2023-05-21'),
    ('3445531019742', 'Eudora.Cummerata', 'Aliya1', 'Aristotle University of Thessaloniki', '2023-03-24'),
    ('9455952239289', 'Summer_Quigley88', 'operator', 'National Technical University of Athens', '2023-04-05'),
    ('6847046194869', 'Glenda.Borer36', 'operator', 'National Technical University of Athens', '2023-04-09'),
    ('9477438043459', 'Lolita.Powlowski64', 'Aliya1', 'Aristotle University of Thessaloniki', '2023-05-02'),
    ('8132216682815', 'Summer_Quigley88', 'operator', 'National Technical University of Athens', '2023-03-25'),
    ('4658088752763', 'teacher', 'operator', 'National Technical University of Athens', '2023-05-28'),
    ('1962444842863', 'Godfrey3', 'Stefan.Bins30', 'University of West Attica', '2023-04-27'),
    ('9540089035799', 'Chad.Batz45', 'Adan.Cummerata', 'University Of Patras', '2023-04-17'),
    ('2944741203144', 'Keenan28', 'Aliya1', 'Aristotle University of Thessaloniki', '2023-06-01'),
    ('9934409262917', 'Bianka_Price19', 'Adan.Cummerata', 'University Of Patras', '2023-03-18'),
    ('0873842106175', 'Rashad47', 'Chadd_Olson50', 'National and Kapodistrian University of Athens', '2023-04-10'),
    ('9191677450041', 'Eudora.Cummerata', 'Aliya1', 'Aristotle University of Thessaloniki', '2023-04-18'),
    ('0319305330367', 'Alayna.Haag0', 'Chadd_Olson50', 'National and Kapodistrian University of Athens', '2023-05-28'),
    ('0619150906105', 'Neal.Jast', 'Aliya1', 'Aristotle University of Thessaloniki', '2023-05-07'),
    ('4765316845986', 'Breana_Zemlak', 'Chadd_Olson50', 'National and Kapodistrian University of Athens', '2023-04-06'),
    ('9540089035799', 'Myrtice71', 'Chadd_Olson50', 'National and Kapodistrian University of Athens', '2023-04-10'),
    ('1214343083119', 'Eudora.Cummerata', 'Aliya1', 'Aristotle University of Thessaloniki', '2023-05-17');

insert into book_review (isbn, username, text, likert_rating)
values
    ('1381294849056', 'Rashad47', 'Facilis maxime at laboriosam deleniti aliquid eligendi. Laborum amet debitis reprehenderit. Necessitatibus necessitatibus accusantium consequuntur iste quia.', '2'),
    ('9934409262917', 'Katelynn_Rogahn', 'Nisi repellendus nemo. Totam omnis est. Ex esse velit maiores.', '5'),
    ('2944741203144', 'Jaunita59', 'Praesentium quis aliquid rem mollitia. Esse dolor illo voluptatem repellat. Odio neque cum in eos.', '1'),
    ('1024067359004', 'Domenico_McClure', 'Minus quaerat labore. Totam nesciunt iusto ratione voluptatibus. Fugit molestiae inventore officia pariatur.', '1'),
    ('8738598974543', 'Quentin.Price', 'Blanditiis occaecati iusto corporis asperiores modi. Eligendi nostrum unde voluptate earum sunt odit. Quasi laudantium ad iste voluptate explicabo.', '2'),
    ('4505567421181', 'Twila.Hudson', 'Nisi repudiandae possimus voluptatibus. Perspiciatis corporis facere blanditiis fugit aut iusto illo assumenda. Quae itaque tempora quis atque harum officia temporibus.', '5'),
    ('8132216682815', 'Earnest_Russel', 'Culpa saepe voluptate autem facere deleniti velit iusto eius ipsam. Architecto dignissimos veritatis. Maiores alias libero provident molestiae quibusdam repellendus ad.', '3'),
    ('6035102283299', 'Tremayne_Nader7', 'Voluptate consectetur accusantium labore ad maiores necessitatibus molestias cumque. Perspiciatis est sequi velit magni cum delectus voluptatum corrupti. Quia nostrum veritatis vitae nulla doloremque.', '3'),
    ('0319305330367', 'Lyla55', 'Dolorem earum consequatur culpa possimus. Sit sint maiores velit sapiente suscipit ipsum. Veritatis aliquam porro corrupti nobis exercitationem magnam quidem.', '1'),
    ('4472710672452', 'Angelica_Jenkins11', 'Aperiam quaerat dolor corrupti autem distinctio laudantium in qui. Tempora aliquam nostrum exercitationem dicta. Corporis suscipit nostrum vitae odio ipsa repellendus sapiente placeat veniam.', '2'),
    ('9001059728675', 'Katelynn_Rogahn', 'Eaque hic placeat veniam id dolorem officia dolor distinctio similique. Nobis deserunt aliquam quo iste impedit totam aut tempora. Autem maxime reiciendis aperiam dolore dolor corrupti aliquid qui quod.', '5'),
    ('4542097360365', 'Quentin.Price', 'Nisi autem velit autem illo deserunt. Impedit laboriosam accusamus corrupti odit doloribus ducimus labore libero blanditiis. Delectus hic culpa porro.', '5'),
    ('8856166905819', 'Dannie7', 'Odio odio esse et facere libero. Est incidunt a atque dignissimos. Dolorum deserunt totam incidunt officiis consequuntur architecto natus.', '4'),
    ('4763912543919', 'Kenneth_Luettgen', 'Eveniet quos nisi ut voluptate velit. Iure delectus fugit hic enim rerum nesciunt blanditiis. Quibusdam cum libero esse.', '5'),
    ('7063406924275', 'Quentin.Price', 'Recusandae quas dolor quisquam molestiae a earum. Doloremque illum accusantium. Rerum sed fugiat dolore deleniti.', '1'),
    ('9327463793706', 'Alayna.Haag0', 'Ex dolorem amet quos. Minus deleniti voluptatem sequi expedita minus fugit quas tempora ducimus. Porro provident dolorem pariatur itaque sunt officia.', '1'),
    ('8871913674823', 'Kenneth_Luettgen', 'Minima deleniti dolores alias similique illo inventore quisquam. Voluptatum ex possimus unde maiores aspernatur enim. In velit a perferendis possimus quasi.', '5'),
    ('7631740922100', 'Frida51', 'Magni rerum nostrum nisi ad sed fugit aspernatur ex facere. In possimus odio deserunt numquam veniam. Numquam nobis laudantium sit.', '1'),
    ('6781899347936', 'Roger83', 'Dolorem ab incidunt. Voluptas dolorem tempora illum eligendi veniam. Nulla laboriosam dolorem quas suscipit accusamus laborum.', '5'),
    ('5803329933907', 'Larissa.Hammes', 'Repellat rem animi voluptates ipsum quia rerum perspiciatis. Quo magnam culpa quis quae ut. Consequatur modi quo quod consectetur perferendis quaerat nam.', '3'),
    ('8445471280327', 'Winnifred69', 'In accusamus dolorem neque cupiditate veritatis quibusdam vel inventore quos. Maiores velit deleniti vel ducimus deserunt animi veniam sint cupiditate. Aliquam nesciunt optio qui numquam delectus voluptas omnis quia.', '4'),
    ('7263719636987', 'Domenico_McClure', 'Eaque eius et debitis reprehenderit iusto debitis. Temporibus enim officiis vero ea quasi omnis praesentium. Blanditiis sint tenetur a iste.', '5'),
    ('6920189865060', 'Godfrey3', 'Atque ipsam inventore enim ipsam laudantium culpa vitae numquam dolorem. Dignissimos numquam ea officia saepe necessitatibus beatae sit. Dolores modi minus similique.', '3'),
    ('6847046194869', 'Domenico_McClure', 'Porro quod quaerat blanditiis tempore modi mollitia magnam ad enim. Consectetur eius aut voluptatum. Facere provident possimus aut excepturi.', '2'),
    ('3483933695384', 'Alayna.Haag0', 'Autem hic magnam quisquam laboriosam nihil eveniet neque consequuntur perferendis. Minima necessitatibus dolorem beatae. Explicabo ducimus autem.', '4'),
    ('2763472260650', 'Keanu_Langworth99', 'Non placeat eaque ut. Quia pariatur minima vero laboriosam est. Tempore aut eveniet deleniti deleniti sequi.', '5'),
    ('5268713442351', 'Breana_Zemlak', 'Et itaque vero aspernatur quam nesciunt. Reiciendis nihil natus et perferendis officiis. Laudantium modi voluptas.', '5'),
    ('6982956291537', 'Kailey_Crist', 'Optio ut ducimus occaecati minima fugit. Natus tempora natus error quidem voluptates. Illum nobis accusamus tempore.', '3'),
    ('3493062200016', 'Alayna.Haag0', 'Reiciendis ipsam dolores ab quod voluptate aperiam. Nesciunt ea beatae unde officia eaque adipisci commodi nobis. Optio repellendus tempore dicta facilis magni quam.', '2'),
    ('3687466145150', 'Dannie7', 'Earum magni possimus. Ducimus reiciendis deleniti. Sunt corrupti hic a soluta tenetur corrupti.', '5');

insert into book_review_pending_approval (isbn, username, text, likert_rating)
values
    ('3687466145150', 'Jaunita59', 'Et magnam magnam ex eveniet doloribus commodi magnam. Minus eaque minima sequi quam. Pariatur ullam cupiditate ab ab molestiae maxime.', '1'),
    ('4139801320863', 'Justine_Schulist', 'Aspernatur ad eius. Voluptas similique nostrum aliquam illum esse perspiciatis. Iure impedit maxime debitis aut vel minima officia.', '2'),
    ('7535719512355', 'Caterina70', 'Facilis id corrupti quod dolorem pariatur saepe quas nulla. Iusto veritatis quae tempora veniam dolorem cupiditate neque. Quibusdam maxime iste accusantium.', '4'),
    ('5086810911450', 'Breana_Zemlak', 'At asperiores molestiae ullam aspernatur numquam optio veniam libero. Totam corrupti quos. Quo laudantium accusamus fuga consectetur quod.', '1'),
    ('0319305330367', 'Domenico_McClure', 'Sequi dolores deserunt non amet. Eveniet iusto iste suscipit ullam architecto molestias nesciunt. Aliquam at sapiente cum quos incidunt sint esse debitis nemo.', '3'),
    ('3369537934949', 'Angelica_Jenkins11', 'Rerum voluptates ipsum debitis velit inventore quos ipsum. Vero ipsam ratione dicta aliquam facere provident veritatis mollitia. Quis nam deserunt saepe hic neque sed consequuntur.', '1'),
    ('0822467198125', 'Houston_DuBuque', 'Tempore optio consequatur voluptas nobis possimus. Ut sunt sapiente odio asperiores. Earum voluptatum numquam sapiente ipsum totam ab ratione.', '5'),
    ('2647474301069', 'Keanu_Langworth99', 'Est illum tempora vitae hic dolore quasi. Ullam totam aspernatur beatae illum asperiores ea repudiandae. Inventore dignissimos distinctio labore earum ab laboriosam dolore.', '4'),
    ('7636039434301', 'Godfrey3', 'Doloribus laborum ad voluptas libero itaque. Suscipit magnam aspernatur iusto delectus amet quae laudantium incidunt aut. Esse et cumque fugiat hic.', '3'),
    ('1381294849056', 'Glenda.Borer36', 'Praesentium exercitationem modi doloremque repudiandae pariatur doloribus molestias. Vero dolorem consequuntur. Ab accusantium beatae officia repellendus.', '4'),
    ('8392613710134', 'Breana_Zemlak', 'Eius illo et omnis culpa tempore eos maiores esse iusto. Quae consequatur impedit id nihil aperiam tempora consequatur fugit. Libero consequuntur molestias sunt adipisci pariatur ut est.', '2'),
    ('1381294849056', 'Ova_Bradtke', 'Optio fugiat eveniet dolor aliquid quam. Labore sit dolore magnam. Debitis ratione blanditiis architecto.', '4'),
    ('1191233835952', 'Elmore.OReilly', 'Optio consequuntur dolore nam consequatur nemo voluptate eligendi error tenetur. Praesentium numquam vero quis nisi facere quae. Dolores consectetur minima iure unde.', '5'),
    ('7431801583226', 'Frida51', 'Voluptatum iure sit reprehenderit odit temporibus dolorem nobis natus. Iure dolorum eum. Perferendis atque nemo est.', '4'),
    ('1024067359004', 'Breana_Zemlak', 'Voluptatem repudiandae odio consequuntur aliquid. Incidunt eos animi nam. Odit impedit eos ducimus quos.', '3');

